Project ID,WDPA ID,,,,,,Protected Area Information,,,Additional Information,,,
PMIS GEF ID,WDPA ID1,WDPA ID2,WDPA ID3,WDPA ID4,Found on PP?,Notes,Protected Area Name,Country,Area,More Than 1 WDPA ID?,Name of PA in Documentation,Direct Investment (US$),Notes
2,,,,,N,http://www.undp.org/content/undp/en/home/ourwork/environmentandenergy/focus_areas/ecosystems_and_biodiversity/projects/philippines_-_samarislandbiodiversity/,Samar Island Natural Park,Philippines,,N,,GEF 5.66   ALL 13.13,All activities were site related (GEF 5.66   ALL 13.13)
4,,,,,N,,Hon Mun Marine Protected Area,Vietnam,,N,,,
16,342356,,,,Y,,Laguna del Tigre,Guatemala,,N,,,
18,555555490,,,,Y,,Lewa Wild Conservancy,Kenya,,,,,
20,,,,,N,,Thicket Biome,South Africa,,N,,,
21,315513,,,,Y,,Pohnpei Watershed Forest Reserve,Micronesia,,N,,,
26,,,,,N,,Elephant reserve,Indonesia,,N,,,
30,902661,,,,Y,,Upper Mustang,Cambodia,,N,,,
49,555547583,67969,,,Y,,Songor,Ghana,,,,,
49,67966,,,,Y,,Muni- Pomadze ,Ghana,,,,,
49,67967,,,,Y,,Densu,Ghana,,,,,
49,67968,,,,Y,,Sakumo,Ghana,,,,,
49,67970,,,,Y,,Keta,Ghana,,,,,
50,2299,,,,Y,,Tana River Primate National Reserve,Kenya,East,N,,$1.91,
54,18437,,,,Y,,Bwindi Impenetrable National Park,Uganda,West,N,,,Investments were made toward site but it was not diclosed within the report how much exactly went into each of the sites. Report just gave an over view that overall $7.98 million went into improveing the biodvirsity of both parks.
54,313109,,,,Y,,Mgahinga Gorilla National Park,Uganda,West,N,,,Investments were made toward site but it was not diclosed within the report how much exactly went into each of the sites. Report just gave an over view that overall $7.98 million went into improveing the biodvirsity of both parks.
55,7516,,,,Y,,Koflandé reserve,Burkina Faso,,N,,,
55,,,,,N,http://www.agerefcl.org/,Comoé-Léraba reserve,,,N,,,
57,18,300033,,,Y,,Chaco,Bolivia,,Y,,,
57,98183,303894,,,Y,,Madidi,Bolivia,,Y,,,
57,20011,303898,,,Y,,Pilon Lajas,Bolivia,,Y,,,
57,31,,,,Y,,Noel Kempf,Bolivia,,N,,,
57,36,,,,Y,,Eduardo Avaroa,Bolivia,,N,,,
57,41,,,,Y,,Ulla Ulla,Bolivia,,N,,,
57,9308,,,,Y,,Estación Biológica del Beni Biosphere Reserve,Bolivia,,N,Beni Biological Station,,
57,20041,,,,Y,,Tariquía National Fauna and Flora Reserve,Bolivia,,N,Tariqui,,
58,900886,555542777,,,Y,,Reserva Particular do Patrimonio,Brazil,,Y,,,
61,188,9614,,,Y,,Sangay ,Ecuador,,,,,
61,186,18921,,,Y,,Yasuni National Parks ,Ecuador,,,,,
61,189,29807,,,Y,,Machalilla,Ecuador,,,,,
61,7912,555547537,,,Y,,Podocarpus ,Ecuador,,,,,
61,183,,,,Y,,Cayambe- Coca ,Ecuador,,,,,
61,187,,,,Y,,Galapagos National Park ,Ecuador,,,,,
61,81073,,,,Y,,Antisana Ecological Reserves,Ecuador,,,,,
61,,,,,N,,Cotacachi-Cayapas ,Ecuador,,,,,
62,220034,902281,12431,20062,Y,,Sian Ka'an UNESCO-MAB Biosphere Reserve,Mexico,South,Y,Sian Ka’an Biosphere Reserve,,
62,227,14305,,,Y,,Montes Azules UNESCO-MAB Biosphere Reserve,Mexico,,Y,Montes Azules Biosphere Reserve,,
62,306793,61409,,,Y,,El Vizcaíno Biosphere Reserve,Mexico,North-west,Y,Vizcaíno Biosphere Reserve,,
62,306819,903015,,,Y,,Mariposa Monarca Biosphere Reserve,Mexico,Central,Y,,,
62,12884,,,,Y,,Isla Contoy National Park,Mexico,East,N,,,"29.55 Invested in ""reserve conservation"" this value wasn’t broken down into how much was invested in each specific PA"
62,18062,,,,Y,,El Triunfo Biosphere Reserve,Mexico,,N,,,"29.55 Invested in ""reserve conservation"" this value wasn’t broken down into how much was invested in each specific PA"
62,61401,,,,Y,,Región de Calakmul UNESCO-MAB Biosphere Reserve,Mexico,South-east,Y,,,
62,71022,,,,Y,,Ría Lagartos Biosphere Reserve,Mexico,South-east,N,,,"29.55 Invested in ""reserve conservation"" this value wasn’t broken down into how much was invested in each specific PA"
62,301929,,,,Y,,Sierra de Manantlán Biosphere Reserve,Mexico,,N,,,"29.55 Invested in ""reserve conservation"" this value wasn’t broken down into how much was invested in each specific PA"
62,306780,,,,Y,,Calakmul Biosphere Reserve,Mexico,South-east,Y,Calakmul Biosphere Reserve,,"29.55 Invested in ""reserve conservation"" this value wasn’t broken down into how much was invested in each specific PA"
62,306810,,,,Y,,Islas del Golfo de California Flora and Fauna Protection Area,Mexico,,N,Wildlife Protection Area Islas del Golfo de California,,"29.55 Invested in ""reserve conservation"" this value wasn’t broken down into how much was invested in each specific PA"
65,14909,,,,Y,,El Kala National Park  and Wetlands  Complex region,Algeria,,,,,
69,67749,,,,Y,,Danube Delta Biosphere Reserve,Romania ,,,,,
79,840,,,,Y,,Mount Apo Nature Park,Philippines,,N,,,
79,64412,,,,Y,,Mt. Kitinglad Range and Natural Park,Philippines,,N,,,
79,317296,,,,Y,,Northern Sierra Madre Natural Park,Philippines,,N,,,
83,315645,315797,,,Y,,Changqing Nature Reserve,China,,Y,,,
83,95794,316047,,,Y,,Taibaishan,China,,Y,,,
83,95504,,,,Y,,Wuyishan,China,,N,,,
83,95793,,,,Y,,Zhouzhi,China,,N,,,
83,96091,,,,Y,,Niubeiliang Reserves,China,,N,,,
84,62663,9232,,,Y,,Buxa NP National Park,India,East,Y,Buxa,,
84,687,,,,Y,,Gir,India,West,N,,811.08 (Rs. in lakh),Toatls from these values <- do not add up to the money they invested in US$ (Table C in ICR) Rs. 1 = US$ 0.024
84,1792,,,,Y,,Periya,India,South,N,,1339.76 (Rs. in lakh),Toatls from these values <- do not add up to the money they invested in US$ (Table C in ICR) Rs. 1 = US$ 0.028
84,1805,,,,Y,,Pench Sanctuary,India,Central,N,Pench,721.84 (Rs. in lakh),Toatls from these values <- do not add up to the money they invested in US$ (Table C in ICR) Rs. 1 = US$ 0.027
84,1808,,,,Y,,Ranthambhore,India,North,N,,407.16 (Rs. in lakh),Toatls from these values <- do not add up to the money they invested in US$ (Table C in ICR) Rs. 1 = US$ 0.029
84,1835,,,,Y,,Palamau Sanctuary,India,Central-east,N,Palamau,340.91 (Rs. in lakh),Toatls from these values <- do not add up to the money they invested in US$ (Table C in ICR) Rs. 1 = US$ 0.026
84,4128,,,,Y,,Nagarahole,India,South,N,,1376 (Rs. in lakh),Toatls from these values <- do not add up to the money they invested in US$ (Table C in ICR) Rs. 1 = US$ 0.025
85,3011,607,,,Y,,Benoué UNESCO-MAB Biosphere Reserve,Cameroon,North-east,Y,Benoue,,
85,308624,30675,,,Y,,Boumba Bek National Park,Cameroon,South-east,Y,,,
85,478167,34788,,,Y,,Mont Kupe-Manehas Not Reported,Cameroon,West,Y,Mt Koupe,,
85,606,,,,Y,,Bouba Ndjida National Park,Cameroon,,N,Bouba-Njidda,,Annex 2 ICR: $2.14 toward Savannah Ecosystems collectively
85,1241,,,,Y,,Faro,Cameroon,North,N,,,Annex 2 ICR: $2.14 toward Savannah Ecosystems collectively
85,1242,,,,Y,,Campo-Ma'an National Park,Cameroon,,N,Campo Man'aan faunal Reserve,$4.29,Annex 2 ICR
85,1245,,,,Y,,Lobeke,Cameroon,South-east,N,,,Annex 2 ICR: $0.94 toward south-east reserves collectively
85,30674,,,,Y,,Nki National Park,Cameroon,South-east,N,Nki Faunal reserves,,Annex 2 ICR: $0.94 toward south-east reserves collectively
85,317312,,,,Y,,Mount Kilum-Ijim Community Forest,Cameroon,,N,Mt Kilum/ Ijim Reserve,$0.45,Annex 2 ICR
85,,,,,N,,Mt Cameroon Rain Forest,Cameroon,,N,,$0.14,Annex 2 ICR
87,6810,,,,Y,,Machiara National Park (MNP) in Azad Jammu & Kashmir (AJK),Pakistan,,,,Cost in Million Rupes- Machiara National Park $0.257,
87,10270,,,,Y,,Chitral Gol National Park (CGNP) in the North West Frontier Province (NWFP) ,Pakistan,,,,Cost in Million Rupes- Chitral Gol National Park $0.2 ,
87,17756,,,,Y,,Hingol National Park (HNP) in Baluchistan Province ,Pakistan,,,,Cost in Million Rupes- Hingol National Park $0.18,
92,23,4336,,,Y,,San Guillermo NP (Central Andean High Puna),Argentina,,,,,
92,10868,300079,,,Y,,Quebrada del Condorito National Park (Cordoba Montane Savanna),Argentina,,,,,
92,16846,,,,Y,,Copo NP (Semi-Arid Chaco),Argentina,,,,,
92,97545,,,,Y,,"Mburucuyá (Humid Chaco, Iberá Wetlands Ecosystem)",Argentina,,,,,
92,166727,,,,Y,,Monte León NP (Patagonian Steppe and Oceanic Patagonian Littoral),Argentina,,,,,
95,27881,,,,Y,,Kanneliya forest reserve,Sri Lanka,,N,,,
95,,,,,N,,Niligala reserve,Croatia,,N,,,
99,4994,,,,Y,,Kerinci Seblat National Park,Indonesia,Central-west,N,,$8.59,
100,160873,,,,Y,,Danube Delta,Ukraine,South-west,N,,$1.74,
101,18437,61609,,,Y,,Bwindi Impenetrable Reserve,Uganda,,Y,,,
102,1305,,,,Y,,Ile Ronde (Round Island) Nature Reserve,Mauritius,North,N,Round Island,$0.01,
102,5054,,,,Y,,Ile aux Aigrettes Nature Reserve,Mauritius,South-east,N,,$0.35,
102,,,,,N,,Rodrigues Forest,Mauritius,,N,,$0.25,
103,,,,,N,,Tempisque,Costa Rica,,N,,,
103,,,,,N,http://en.wikipedia.org/wiki/Arenal_Tilaran_Conservation_Area,Arenal-Tilarán,Costa Rica,,N,,,
103,,,,,N,,Amistad-Caribe,Costa Rica,,N,,,
103,,,,,N,,Amistad-Pacífico,Costa Rica,,N,,,
103,,,,,N,http://wikitravel.org/en/Osa_Peninsula,Osa,Costa Rica,,N,,,
110,1674,220030,,,Y,,Sary-chelek,Kyrgyzstan,,Y,,,
110,134942,,,,Y,,Chatkal reserve,Uzbekistan,,N,,,
110,,,,,N,http://en.wikipedia.org/wiki/Kara-Buura_District,Kara-Bura,Kyrgyzstan,,N,,,
110,,,,,N,,Kulun-Ata,,,N,,,
110,,,,,N,http://www.wnsstamps.post/en/stamps/KG010.11,Padysha-Ata,Kyrgyzstan,,N,,,
110,,,,,N,,Karatau,,,N,,,
110,,,,,N,,Aksu-Djabagly,,,N,,,
116,8121,,,,Y,,Raja Ampat,Indonesia,,N,,,
116,8871,,,,Y,,Taka Bone,Indonesia,,N,,,
116,30012,,,,Y,,Bunaken National Marine Par,Indonesia,,N,,,
116,198427,,,,Y,,Kepulauan Wakatobi (Laut) National Park,Indonesia,,N,Wakatobi National Park,,
116,,,,,N,,Riau,Indonesia,,N,,,
117,12650,145584,107241,,Y,,Bosawas ,Nicaragua,,,,,
117,,30628,,,Y,,Rio Indio Maiz,Nicaragua,,,,,
117,12667,,,,Y,,Cayos Miskitos natural reserve ,Nicaragua,,,,,
117,61074,,,,Y,,Wawashan Reserves ,Nicaragua,,,,,
117,61075,,,,Y,,Cerro Silva ,Nicaragua,,,,,
117,900699,,,,Y,,Los Guatuzos ,Nicaragua,,,,,
121,200,,,,Y,,La Tigra,Honduras,,,,,
121,18816,,,,Y,,Cuero y Salado ,Honduras,,,,,
121,30625,,,,Y,,Caratasca ,Honduras,,,,,
121,30627,,,,Y,,Punta Sal ,Honduras,,,,,
121,36053,,,,Y,,Kruta ,Honduras,,,,,
121,41013,,,,Y,,Patuca ,Honduras,,,,,
121,41024,,,,Y,,Punta Izopo,Honduras,,,,,
121,41045,,,,Y,,Tawahka ,Honduras,,,,,
121,62046,,,,Y,,Rus Rus ,Honduras,,,,,
121,,,,,N,,Mocoron ,Honduras,,,,,
121,,,,,N,,Warunta ,Honduras,,,,,
129,11173,9375,196488,555531354,Y,,Piatra Craiului National Park,Romania,,,,,
129,861,555531377,3041,555541009,Y,,Retezat National Park ,Romania,,,,,
129,184173,555541032,555531430,,Y,,Vanatori-Neamt Natural Park,Romania,,,,,
133,236,2554,,,Y,,Darién National Park,Panama,,,,,
133,16787,,,,Y,,Marine Park Bastimentos Island,Panama,,,,,
133,99631,,,,Y,,General Omar Torrijos Herrera National Park,Panama,,,,,
133,,,,,N,,Panama portion of the Mesoamerican Biological Corridor Project,Panama,Spans the length of Panama,N,,$2.15,
134,300408,306178,,,Y,,Cape Peninsula National Park (now Table Mountain National Park),South Africa,,Y,,6.3,Total
136,5151,,,,Y,,Shai Hills,Ghana,South-east,N,,,"Investments were made toward objective (Savanah, Wildlife Resource, Biodiversity Conservation, High Forest)"
136,26444,,,,Y,,Gambaga West,Ghana,North-east,N,,,"Investments were made toward objective (Savanah, Wildlife Resource, Biodiversity Conservation, High Forest)"
136,26501,,,,Y,,Red Volta East,Ghana,North-east,N,,,"Investments were made toward objective (Savanah, Wildlife Resource, Biodiversity Conservation, High Forest)"
136,26526,,,,Y,,Nuale,Ghana,North-west,N,,,"Investments were made toward objective (Savanah, Wildlife Resource, Biodiversity Conservation, High Forest)"
136,26544,,,,Y,,Red Volta West,Ghana,North-east,N,,,"Investments were made toward objective (Savanah, Wildlife Resource, Biodiversity Conservation, High Forest)"
136,26556,,,,Y,,Kenikeni,Ghana,,N,,,"Investments were made toward objective (Savanah, Wildlife Resource, Biodiversity Conservation, High Forest)"
136,,,,,N,I think this is a village/town,Sensanbligbini,Ghana,North-west,N,,,"Investments were made toward objective (Savanah, Wildlife Resource, Biodiversity Conservation, High Forest)"
136,,,,,N,I think this is a village/town,Tankwidi,Ghana,,N,,,"Investments were made toward objective (Savanah, Wildlife Resource, Biodiversity Conservation, High Forest)"
136,,,,,N,I think this is a village/town,Kamba,Ghana,,N,,,"Investments were made toward objective (Savanah, Wildlife Resource, Biodiversity Conservation, High Forest)"
136,,,,,N,I think this is a village/town,Naaha,Ghana,,N,,,"Investments were made toward objective (Savanah, Wildlife Resource, Biodiversity Conservation, High Forest)"
136,,,,,N,I think this is a village/town,Samoa-Pina,Ghana,,N,,,"Investments were made toward objective (Savanah, Wildlife Resource, Biodiversity Conservation, High Forest)"
136,,,,,N,I think this is a village/town,Sonyo,Ghana,,N,,,"Investments were made toward objective (Savanah, Wildlife Resource, Biodiversity Conservation, High Forest)"
136,,,,,N,I think this is a village/town (http://en.wikipedia.org/wiki/Larabanga),Larabanga,Ghana,,N,,,"Investments were made toward objective (Savanah, Wildlife Resource, Biodiversity Conservation, High Forest)"
142,96141,555511949,,,Y,,Xishuangbanna Nature Reserve  [Baka & Daka],China,,Y,,,
142,96145,,,,Y,,Gaoligongshan Nature Reserve,China,,N,,,
142,316337,,,,Y,,Baoshan Nature Reserve,China,,N,,,
192,5061,,,,Y,,Jigme Dorji National Park,Bhutan,,N,,,
195,6673,900715,,,Y,,Jaragua,Dominican Republic,,,,,
195,6674,,,,Y,,Montecristi,Dominican Republic,,,,,
195,478078,,,,Y,,Samana,Dominican Republic,,,,,
206,2223,68318,,,Y,,Bañados del Este Biosphere Reserve,Uruguay,,Y,,,
209,902673,10188,,,Y,,Ba Be National Park ASEAN Heritage Park,Vietnam,North,Y,Ba Be,,
209,7878,,,,Y,,Cuc Phuong National Park,Vietnam,,N,Cuc Phuong,,Only broken down for the money provided by MARD to the PA's between 1999-2001
209,10110,,,,Y,,Bach Ma National Park,Vietnam,,N,Bach Ma,,Only broken down for the money provided by MARD to the PA's between 1999-2001
209,10113,,,,Y,,Ba Vi  National Park,Vietnam,,N,,,Only broken down for the money provided by MARD to the PA's between 1999-2001
209,18033,,,,Y,,Yok Don,Vietnam,Central-west,N,,,Only broken down for the money provided by MARD to the PA's between 1999-2001
209,61935,,,,Y,,Tam Dao National Park,Vietnam,,N,Tam Dao,,Only broken down for the money provided by MARD to the PA's between 1999-2001
209,302848,,,,Y,,Na Hang,Vietnam,North,N,,,Only broken down for the money provided by MARD to the PA's between 1999-2001
209,317280,,,,Y,,Ben En National Park - Buffer Zone,Vietnam,,N,Ben En,,Only broken down for the money provided by MARD to the PA's between 1999-2001
209,478148,,,,Y,,Cat Tien UNESCO-MAB Biosphere Reserve,Vietnam,,N,Cat Tien,,Only broken down for the money provided by MARD to the PA's between 1999-2001
209,478277,,,,Y,,Cat Ba UNESCO-MAB Biosphere Reserve,Vietnam,,N,Cat Ba,,Only broken down for the money provided by MARD to the PA's between 1999-2001
216,13388,900592,555547507,,Y,,Palm Islands Nature Reserve,Lebanon,,Y,,,
216,61518,,,,Y,,Horsh Ehden Nature Reserve,Lebanon,,N,,,
216,902497,,,,Y,,Shouf UNESCO-MAB Biosphere Reserve,Lebanon,,N,El Shouf Cedar Nature Reserve,,
220,313046,,,,Y,,Mohéli Marine Park,Comoros,,N,,,
223,17286,901259,903138,,Y,,Socotra archipelago,Yemen,,Y,,,
243,14305,,,,Y,,Montes Azules Biosphere Reserve,Mexico,,,,,
243,71022,,,,Y,, Ria Lagartos Biosphere Reserve,Mexico,,,,,
243,306780,,,,Y,,Calakmul Biosphere Reserve,Mexico,,,,,
243,902281,,,,Y,," Sian Ka’an Ramsar Site, Wetland of International Importance",Mexico,,,,,
245,7447,,,,Y,,Sehlabathebe National Park,Lesotho,,N,,,
245,,,,,N,May fall under Lesotho NP (WDPA ID 20294),Masitise Nature Reserve,Lesotho,,N,,,
245,,,,,N,May fall under Lesotho NP (WDPA ID 20294),Tsehlanyane National Park,Lesotho,,N,,,
245,,,,,N,May fall under Lesotho NP (WDPA ID 20294),Bokong Nature Reserve,Lesotho,,N,,,
250,,,,,N,http://www.khongor-expedition.com/index.php?option=com_content&view=category&layout=blog&id=41&Itemid=131,Dariganga National Park,Mongolia,,N,,,
347,,,,,N,,Bismarck-Ramu ,Papua New Guinea,,,,,
347,,,,,N,,Lak,Papua New Guinea,,,,,
348,236,2554,,,Y,,Darien National Park,Panama,,Y,,,
348,17183,,,,Y,,Canglón Reserve,Panama,,N,,,
348,107372,,,,Y,,Filo del Tallo Reserve,Panama,,N,,,
350,26606,26605,,,Y,,Makalu-Barun National Park,Nepal,,,,$2.60,
352,26087,27598,9011,,Y,,Minneriya ,Sri Lanka,,,,,
352,1363,899,11142,,Y,,Yala ,Sri Lanka,,,,,
352,11582,902524,68201,,Y,,Bundala ,Sri Lanka,,,,,
352,901,,,,Y,,Udawalawe ,Sri Lanka,,,,,
352,1364,,,,Y,,Wasgomuwa,Sri Lanka,,,,,
352,9006,,,,Y,,Lunugamwehera ,Sri Lanka,,,,,
364,163,,,,Y,,Chirripó ,Costa Rica,,,,,
364,164,,,,Y,,Corcovado ,Costa Rica,,,,,
364,,,,,N,,La Amistad National Parks ,Costa Rica,,,,,
400,17231,,,,Y,,Ajloun,Jordan,,N,,,
400,,,,,N,,Muwaqqar,,,N,,,
400,,,,,N,Village http://en.wikipedia.org/wiki/Arsal,Aarsal,Lebanon,,N,,,
400,,,,,N,Village http://en.wikipedia.org/wiki/Baalbek,Baalbek,Lebanon,,N,,,
400,,,,,N,,Jennin,,,N,,,
400,,,,,N,City http://en.wikipedia.org/wiki/Hebron,Hebron,,,N,,,
400,,,,,N,,Al-haffe,Syria,,N,,,
400,,,,,N,,Sweida,,,N,,,
403,902505,315502,,,Y,,Utwe-Walung,Micronesia,,Y,,0.15,
403,315547,902678,,,Y,,Jaluit Atoll,Marshall Islands,,Y,,0.077,
403,4253,,,,Y,,Kiritimati Atoll (Christmas Island) Multi/Multiple Use Conservation Area,Kiribati,,N,Kiritimati,0.116,
403,10538,,,,Y,,Arnavon Islands Marine Conservation Area,Solomon Islands,,N,Arnarvon Islands,0.162,
403,61918,,,,Y,,Huvalu Forest,Niue,,N,,0.25,
403,145496,,,,Y,,Funafuti Conservation Area,Tuvalu,,N,Funafuti,0.17,
403,145497,,,,Y,,Takitumu Other Area,Cook Islands,,N,Takitumu,0.23,
403,145498,,,,Y,,Uafato,Samoa,,N,,0.116,
403,145499,,,,Y,,Vatthe Forest Conservation Area,Vanuatu,,N,Vatth,0.28,
403,313371,,,,Y,,Sa'anapu-Sataoa,Samoa,,N,,0.123,
403,315513,,,,Y,,Pohnpei Watershed Forest Reserve,Micronesia,,N,Pohnpei,0.15,
403,315541,,,,Y,,Koroyanitu,Fiji,,N,,0.167,
403,315553,,,,Y,,Ha'apai Multi/Multiple Use Conservation Area,Tonga,,N,Ha’apai Islands,0.3,
403,315600,,,,Y,,North Tarawa,Kiribati,,N,,0.155,
403,316913,,,,Y,,Komarindi,Solomon Islands,,N,,0.13,
403,902511,,,,Y,,Ngaremeduu,Palau,,N,,0.102,
403,555547992,,,,Y,,Rock Islands Southern Lagoon World Heritage Site,Palau,,N,Rock Islands,0.052,
406,40826,,,,Y,,Ankasa National Park,Ghana,,N,,,
406,,,,,N,,Amanzuri Lagoon,Ghana,,N,,,
406,,,,,N,,The Berga Wetlands,Ethiopia,,N,,,
406,,,,,N,http://en.wikipedia.org/wiki/Ngovayang,Ngovayang,Cameroon,,N,,,
406,,,,,N,,Mbam Minkom,Cameroon,,N,,,
407,33162,33331,33327,,Y,,Zomba,Malawi,,Y,,,
407,4652,,,,Y,,Maputo,Mozambique,,N,,,
407,,,,,N,City http://en.wikipedia.org/wiki/Cape_Town,Cape Town,,,N,,,
407,,,,,N,City http://en.wikipedia.org/wiki/Windhoek,Windhoek,,,N,,,
407,,,,,N,Is this a Botanical Gardens? http://protectedplanet.net/sites/Harare_National_Botanical_Gardens_Botanical_Garden,Harare,,,N,,,
407,,,,,N,Town http://en.wikipedia.org/wiki/Gaborone,Gaborone,,,N,,,
407,,,,,N,Town http://en.wikipedia.org/wiki/Pretoria,Pretoria,,,N,,,
408,597,,,,Y,,Boucle de la Pendjari National Park,Benin,,N,Pendjari National Park,,
408,12201,,,,Y,,W National Park,Benin,,N,,,
409,11686,17713,,,Y,,"Baie de Khnifiss Ramsar Site, Wetland of International Importance",Morocco,,,Lagune de Khnifiss,,
409,4114,555544281,,,Y,,Toubkal National Park,Morocco,,,Parc National du Toubkal,,
409,31073,555544282,,,Y,,Haut Atlas Oriental National Park,Morocco,,,Parc National du Haut Atlas Oriental Site,,
409,29969,,,,Y,,Al Hoceima National Park,Morocco,,,,,
409,555542497,,,,Y,,Chekhar Site of Biological and Ecological Interest (SIBE),Morocco,,,Chekhar,,
409,555542497,,,,Y,,Khenifiss,Morocco,,,,,
409,555544176,,,,Y,,Aghbar Site of Biological and Ecological Interest (SIBE),Morocco,,,Aghbar,,
409,555544196,,,,Y,,Bou Iblane II Site of Biological and Ecological Interest (SIBE),Morocco,,,"Moyen Atlas : Jbel Tichoukt, Bou Naceur, Bou Iblane",,
409,555544197,,,,Y,,Bou Naceur Site of Biological and Ecological Interest (SIBE),Morocco,,,"Moyen Atlas : Jbel Tichoukt, Bou Naceur, Bou Iblane",,
409,555544227,,,,Y,,Jbel Moussa Site of Biological and Ecological Interest (SIBE),Morocco,,,Jbel Moussa,,
409,555544231,,,,Y,,Jbel Bouhachem Site of Biological and Ecological Interest (SIBE),Morocco,,,Bouhachem,,
409,555544232,,,,Y,,Jbel Gourougou Site of Biological and Ecological Interest (SIBE),Morocco,,,Grouz,,
409,555544240,,,,Y,,Jbel Tichoukt Site of Biological and Ecological Interest (SIBE),Morocco,,,"Moyen Atlas : Jbel Tichoukt, Bou Naceur, Bou Iblane",,
409,555544299,,,,Y,,Tamga Site of Biological and Ecological Interest (SIBE),Morocco,,,Tamga,,
458,945,,,,Y,,Köprülü Kanyon National Park,Turkey,West,N,,$0.30,Only small grants are broken down into PA's direct investment
458,15585,,,,Y,,Sultan Sazligi,Turkey,Central,N,,$0.20,Only small grants are broken down into PA's direct investment
458,17539,,,,Y,,Igneada,Turkey,North-west,N,,$0.18,Only small grants are broken down into PA's direct investment
458,555549444,,,,Y,,Camili,Turkey,North-east,N,,$0.28,Only small grants are broken down into PA's direct investment
466,12494,,,,Y,,El Imposible y El Balsamero National Park,El Salvador,,N,El Imposible,,
466,107388,,,,Y,,Cerro Verde Natural Area,El Salvador,,N,Los Volcanes (Cerro Verde),,
488,313205,313211,,,Y,,Kobuleti State Nature Reserve,Georgia,,Y,,$2.54,EST. KOLKHETI NAT'L PARK & KOBULETI NATURE RESERVE ($2.54)
488,1666,,,,Y,,Kolkheti National Park,Georgia,,N,,$2.54,EST. KOLKHETI NAT'L PARK & KOBULETI NATURE RESERVE ($2.54)
490,40002,,,,Y,,Kibale National Park,Uganda,West,N,,$0.25,
495,15602,,,,Y,,Kopački rit Nature Park,Croatia,East,N,,,"Only discloses how much was invested in biodiversity and not into which particular PA, project focuses on 2 PA's"
495,67867,,,,Y,,Kopački rit Wetland,Croatia,East,N,,,"Only discloses how much was invested in biodiversity and not into which particular PA, project focuses on 2 PA's"
496,12225,,,,Y,,Fresh Water Creek Forest Reserve,Belize,,N,,,
496,20226,,,,Y,,Shipstern Nature Reserve,Belize,,N,,,
496,28850,,,,Y,,Maya Mountain Forest Reserve,Belize,,N,,Maya,
496,306780,,,,Y,,Calakmul Biosphere Reserves,Mexico,,N,,,
499,12225,,,,Y,,Freshwater Creek Forest Reserve,Belize,,N,,,
499,34313,,,,Y,,Five Blues National Park,Belize,,N,,,
499,99656,,,,Y,,Sapodilla Cayes Marine Reserve,Belize,,N,,,
499,301908,,,,Y,,Caye Caulker Marine Reserve,Belize,,N,,,
499,301911,,,,Y,,Gales Point Wildlife Sanctuary,Belize,,N,,,
499,301992,,,,Y,,Aguacaliente Wildlife Sanctuary,Belize,,N,,,
503,21003,,,,Y,,San Rafael,Paraguay,,,,,
503,61554,,,,Y,,Médanos del Chaco ,Paraguay,,,,,
503,61556,,,,Y,,Rio Negro,Paraguay,,,,,
503,317128,,,,Y,,Paso Bravo ,Paraguay,,,,,
503,,,,,N,The PA's I could find similar to this name were in Brazil not in Paraguay,Interior Atlantic Forest,Paraguay,,,,,New
503,,,,,N,The PA's I could find similar to this name were in Brazil not in Paraguay,Cerrado,Paraguay,,,,,New
503,,,,,N,,Chaco-Pantanal,Paraguay,,,,,New
503,,,,,N,,Chaco Seco,Paraguay,,,,,New
505,836,,,,Y,,Khunjerab National Park,Pakistan,,N,,,
512,1660,555549413,,,Y,,Vashlovani Strict Nature Reserve,Georgia,,,,,
512,313053,555549416,,,Y,,Tusheti Protected Landscape,Georgia,,,,,
512,198475,,,,Y,,Turtle Islands Wilderness Sanctuary,Philippines,,,Turtle Island Nature Park,,
512,313048,,,,Y,,Bbatsara Strict Nature Reserve,Georgia,,,Batsara-Babaneuri-Ilto,,
534,902398,2336,2106,,Y,,Dinder National Park,Sudan,,Y,,,
536,722,,,,Y,,Marahoue National Park,Côte D'Ivoire,,N,,,
536,7409,,,,Y,,Sapo National Park,Liberia,,N,,,
536,,,,,N,,Chabolo National Park,,,N,,,
536,,,,,N,,The Liberian Forest,,,N,,,
537,2008,61522,,,Y,,Belovezhskaya National Park,Belarus,,,,,
539,2094,2008,,,Y,,Bialowieza Primeval Forest ,Poland,,,,,
541,18437,61609,,,Y,,Bwindi,Uganda,,Y,,0.60,
541,40002,315238,,,Y,,Kibale,Uganda,,Y,,0.62,Kibale – Semuliki
541,28175,902529,,,Y,,Mt. Elgon,Uganda,,Y,,0.80,
541,9043,,,,Y,,Tanzania sites (CBBP),Tanzania,,N,,0.69,
541,19297,,,,Y,,"Uzungwa Scarp Forest Reserve, Udzungwa Mountains National Park",Tanzania,,N,Udzungwa,1.10,
541,40042,,,,Y,,Semuliki,Uganda,,N,,0.62,Kibale – Semuliki
541,220271,,,,Y,,East Usambaras,Tanzania,,N,,0.99,
541,303351,,,,Y,,Chome Forest Reserve Ngezi,Tanzania,,N,,0.14,
541,350036,,,,Y,,Jozani-Chwaka Bay National Park,Tanzania,,N,Jozani,0.18,
541,,,,,N,http://fortuneofafrica.com/ug/sango-bay-forest-reserve/,Sango Bay Forest Reserve,Uganda,,N,,,
541,,,,,N,,Kenya sites (CBBP),Kenya,,N,,0.69,
541,,,,,N,,Uganda sites (CBBP),Uganda,,N,,0.70,
543,67754,220033,,,Y,,Carpathians Biosphere Reserve,Ukraine,,,,,
566,142700,344546,,,Y,,Palava,Czech Republic,,Y,,,
566,645,,,,Y,,Krkonose,Czech Republic,,N,,,
566,26059,,,,Y,,Sumava,Czech Republic,,N,,,
567,67750,903141,903142,,Y,,Eastern Carpathians Biosphere Reserve,Slovak Republic,,,,,
567,148026,173006,,,Y,,Poloniny National Park ,Slovak Republic,,,,,
591,168258,,,,Y,,Caguanes National Park,Cuba,,,,,
591,168267,,,,Y,,The Lanzanillo Pajonal Fragoso Fauna Reserve (Refugio de Fauna),Cuba,,,,,
591,302614,,,,Y,,The Marine PA Las Picuas - Cayo del Cristo,Cuba,,,,,
591,302631,,,,Y,,Rio Máximo reserve,Cuba,,N,,,
591,302631,,,,Y,,Río Máximo Fauna Reserve (Refugio de Fauna).,Cuba,,,,,
592,313424,,,,Y,,Caye Caulker Forest,Belize,,N,,,
600,,,,,N,http://www.wildcamels.com/what-we-do/lop-nur-nature-reserve/,Lop Nur Nature Sanctury,,,N,,,
601,187,,,,Y,,Galapagos National Park,Ecuador,All terrestrial area on islands,N,,,"It is clear that there is only 1 PA that the money could be invested toward, although it is not clear how much exactly was funelled into onsite activity"
601,11753,,,,Y,,Galapagos Marine Reserve,Ecuador,Encircles Galapagous Islands,N,,,"It is clear that there is only 1 PA that the money could be invested toward, although it is not clear how much exactly was funelled into onsite activity"
620,20011,2037,303898,,Y,,Pilon Lajas Biosphere Natural Reserve and Indigenous Territory,Bolivia,,Y,,,
620,36,,,,Y,,Eduardo Avaroa National Park,Bolivia,,N,,,
620,9308,,,,Y,,Estación Biológica del Beni Biosphere Reserve,Bolivia,,N,Beni Biological Reserve,,
620,20039,,,,Y,,Toro Toro National Park,Bolivia,,N,,,
620,32866,,,,Y,,Cordillera de Sama Biological Reserve,Bolivia,,N,Sama Cordillera Biological Reserve,,
620,303883,,,,Y,,Otuquis National Park and Zone of Integrated Management,Bolivia,,N,,,
620,303886,,,,Y,,El Palmar Natural Area of Integrated Management,Bolivia,,N,,,
620,303891,,,,Y,,San Matias Integrated Management of Natural Areas,Bolivia,,N,,,
620,303893,,,,Y,,Natural Area of Integrated Management Apolobamba,Bolivia,,N,,,
620,,,,,N,,National Park and Natural Area of Integrated Management Kaa-Iya from Gran Chaco,,,N,,,
621,68862,,,,Y,,Virachey National Park,Cambodia,,N,,,
623,96032,67737,900685,,Y,,Yancheng National Nature Reserve,China,,Y,,,
623,95471,,,,Y,,Honghe Nature Reserve,China,,N,,,
623,315662,,,,Y,,Gahai-Zecha National Nature Reserve,China,,N,,,
623,315728,,,,Y,,Sanjiang National Nature Reserve,China,,N,,,
623,,,,,N,http://en.wikipedia.org/wiki/Dafeng_Milu_Nature_Reserve,Dafeng National Milu Nature Reserve,China,,N,,,
623,,,,,N,,East Dongting Lake National Nature Reserve,China,,N,,,
625,,,,,N,Town?,Playa Larga,Colombia,,N,,,
625,,,,,N,Town?,Playita,Colombia,,N,,,
625,,,,,N,Town?,Juna,Colombia,,N,,,
625,,,,,N,Town?,Río Valle,Colombia,,N,,,
640,220264,,,,Y,,Mount Mulanje UNESCO-MAB Biosphere Reserve,Malawi,,N,Maintain Mulanje Mountain ecosystem,,
642,9816,,,,Y,,Loagan Bunut National Park (LBNP) in Sarawak,Malaysia,,N,,,
642,,,,,N,,South-East Pahang Peat Swamp Forest (SEPPSF) in Pahang,Malaysia,,N,,,
642,,,,,N,http://www.roughguides.com/destinations/asia/malaysia/sabah/southwest-kk/klias-peninsula/,Klias Peninsula in Sabah,Malaysia,,N,,,
644,18062,,,,Y,,El Triunfo Biosphere Reserve,Mexico,North,N,,,"Breaks down how much money is invested into which objective, but not how much was invested into which PA"
648,7942,,,,Y,,Matibane Coastal Forest reserve ,Mozambique,,,,,
648,,,,,N,,Rowma River Kational Reserve ,Mozambique,,,,,
651,249,68138,,,Y,,National Reserve Pacaya Samiria ,Peru,,,,,
651,61767,,,,Y,,Purús Communal Reserve,Peru,,,,,
651,98245,,,,Y,,Güeppí Reserved Zone,Peru,,,,,
651,168280,,,,Y,,Santiago Comaina Reserved Zone,Peru,,,,,
651,303321,,,,Y,,El Sira Communal Reserve,Peru,,,,,
653,95368,,,,Y,,Olango Reserve,Philippines,,,,,
656,12804,,,,Y,,Aleipata Marine Protected Area Project,Samoa,,,Aleipata and Safata Marine Protected Area,,
656,313371,,,,Y,,Safata Marine Protected Area Project,Samoa,,,Aleipata and Safata Marine Protected Area,,
659,30851,,,,Y,,Richtersveld,South Africa,,N,,,
659,308685,,,,Y,,Namaqua National Park,South Africa,,N,,,
659,,,,,N,,Geogab,South Africa,,N,,,
659,,,,,N,http://www.southafrica.net/za/en/articles/entry/article-southafrica.net-knersvlakte,Kersvlakte Parks,South Africa,,N,,,
661,303888,220298,,,Y,,Central Suriname Nature Reserve,Suriname,,Y,,,
661,276,,,,Y,,Sipaliwini Nature Reserve,Suriname,,N,,,
668,9281,,,,Y,,Cox’s Bazar –Teknaf Peninsula,Bangladesh,,,,,In Origional GEF Sheet
668,9281,,,,Y,,Cox’s Bazar –Teknaf Peninsula,Bangladesh,,,,,New
668,71323,,,,Y,,Hakaluki Haor Wildlife Sanctuary,Bangladesh,,,,,
668,,,,,N,,Saint Martin’s Island,Bangladesh,,,,,New
668,,,,,N,,Sonadia Island,Bangladesh,,,,,New
672,145524,19402,,,Y,,Manzanillo-Gandoca Wildlife Reserve,Costa Rica,,Y,,,
672,2235,,,,Y,,Cahuita National Park,Costa Rica,,N,,,
681,315154,,,,Y,,San Lorenzo Protected Area,El Salvador,,N,,,
681,,,,,N,,Mesoamerican Biological Corridor,Panama,,N,,,
763,187,,,,Y,,Galapagos Archipelago,Ecuador,,N,,,
774,3009,900568,100747,,Y,,Isla de la Corota,Colombia,,,,,
774,133,,,,Y,,Cocuy,Colombia,,,,,
774,144,,,,Y,,Tamá,Colombia,,,,,
774,145,,,,Y,,Pisba,Colombia,,,,,
774,147,,,,Y,,Los Nevados Park,Colombia,,,,,
774,35132,,,,Y,,Alto Putumayo,Colombia,,,,,
774,100769,,,,Y,,Chicamocha canyon,Colombia,,,,,
774,303542,,,,Y,,Cane-Iguaque watershed,Colombia,,,,,
774,303548,,,,Y,,Otún-Quimbaya,Colombia,,,,,
774,555511937,,,,Y,,Caldas,Colombia,,,,,
774,555555707,,,,Y,,Tatacoa desert,Colombia,,,,,
774,555555820,,,,Y,,Risaralda,Colombia,,,,,
774,555555823,,,,Y,,"Barbas river watershed in Filandia, Quindío",Colombia,,,,,
774,555555850,,,,Y,,Northeastern páramos and moist forests,Colombia,,,,,
774,,,,,N,,Fúquene region ,Colombia,,,,,
774,,,,,N,,Dagua-Calima-Paraguas corridor,Colombia,,,,,
774,,,,,N,,Altiplano Cundiboyacense,Colombia,,,,,
774,,,,,N,,Cuchilla de los Cobardes,Colombia,,,,,
774,,,,,N,,Rusia Páramo and the Quercus forest of Santander,Colombia,,,,,
774,,,,,N,,Patía Valley and neighboring western Andes mountain range,Colombia,,,,,
774,,,,,N,,Carare-Opón,Colombia,,,,,
774,,,,,N,,Dry forests of the Cauca canyon in Antioquia,Colombia,,,,,
775,184,,,,Y,,The Cotacachi-Cayapas Reserve,Uganda,,N,,,
775,35296,,,,Y,,The Mindo-Nambillo Protective Forest,Ecuador,,N,,,
775,,,,,N,http://www.rainforestrescue.org.au/ourprojects/ecuador-choco-andean-corridor.html,Choco-Andean ecosystems,Ecuador,,N,,,
775,,,,,N,http://blog.destinationecuador.com/?p=272,The Cayapas-Mataje Reserve,Ecuador,,N,,,
775,,,,,N,http://en.wikipedia.org/wiki/Maquipucuna,The Maquipucuna Reserve,Ecuador,,N,,,
775,,,,,N,Connected/is apart of cloud forest,The Upper Guayllabamba Protective Forest,Ecuador,,N,,,
777,669,,,,Y,,Mole National Park,Ghana,,N,,,
777,5153,,,,Y,,Gbele Reserve,Ghana,,N,,,
777,,,,,N,,"South Nazinga, 5 Forest Reserves",,,N,,,
779,14305,227,,,Y,,Montes Azules,Mexico,,Y,,,
779,107569,107568,,,Y,,Usumacinta Canyon,Mexico,,Y,,,
779,20134,,,,Y,,Biosphere Reserve Pantanos de Centla Biosphere Reserve Pantanos de Centla,Mexico,,N,,,
779,,,,,N,,Mesoamerican Biological Corridor,Mexico,,N,,,
779,,,,,N,http://www.cathalac.org/lac_atlas/index.php?option=com_content&view=article&id=49:selva-maya-mexico&catid=1:casos&Itemid=5,Selva Maya,Mexico,,N,,,
780,220235,,,,Y,,Mnazi Bay and the Ruvuma Estuary Marine Park,Tanzania,,N,,,
794,,,,,N,http://wwf.panda.org/what_we_do/where_we_work/choco_darien/,Choco/Darien tropical forest,,,N,,,
794,,,,,N,,the Eastern Andes Cordillera Real mountain forest,,,N,,,
794,,,,,N,Im don’t think this is a PA,Peruvian,,,N,,,
794,,,,,N,,The Bolivian Yungas,,,N,,,
794,,,,,N,,The Chaco Savannas,,,N,,,
796,900698,,,,Y,,Lake Baringo,Kenya,,N,,,
799,14750,555549416,,,Y,,Tubbatah Reef National Marine Park,Philippines,,Y,,,
800,,,,,N,,Seychelles Marine Ecosystem,,,N,,,
801,4377,173008,555535339,,Y,,Slovensky raj (Slovak Paradise) National Park,Slovakia,,Y,,,
801,173002,4375,,,Y,,Mala Fatra National Park,Slovakia,,Y,,,
802,10542,,,,Y,,Kalametiya,Sri Lanka,,,,,
802,27709,,,,Y,,Ussangoda,Sri Lanka,,,,,
802,,,,,N,,Rekawa,Sri Lanka,,,,,
803,350036,,,,Y,,Jozani-Chwaka Bay National Park,Tanzania,,N,Jozani forest National Park,,
815,12705,555547958,,,Y,,Levera National Park,Grenada,,,,,
815,116321,,,,Y,,Mt. Hartman National Park ,Grenada,,,,,
834,352364,352150,352158,41093,Y,,Aripuanã,Brazil,,,,,
834,351839,351839,352197,,Y,,Juruena National Park,Brazil,,,,,
834,2217,,,,Y,,Iquê Ecological Station,Brazil,,,,,
834,33712,,,,Y,,Roosevelt River Ecological Station,Brazil,,,,,In Origional GEF Sheet
834,115777,,,,Y,,Madeirinha River Ecological Station,Brazil,,,,,In Origional GEF Sheet
834,351833,,,,Y,,Campos Amazônicos National Parks ,Brazil,,,,,In Origional GEF Sheet
834,352057,,,,Y,,Tucumã ,Brazil,,,,,In Origional GEF Sheet
834,352076,,,,Y,,Guariba-Roosevelt Extractive Reserve,Brazil,,,,,In Origional GEF Sheet
834,352173,,,,Y,,Castanheira State Extractive Reserve,Brazil,,,,,
834,,,,,N,,Cotriguaçu ,Brazil,,,,,
834,,,,,N,,Rondolândia,Brazil,,,,,
834,,,,,N,,Colniza,Brazil,,,,,
834,,,,,N,,Juína ,Brazil,,,,,
834,,,,,N,,Rio Flor do Prado State ESEC ,Brazil,,,,,New
836,721,5003,2084,,Y,,Tai National Park ,Côte d’Ivoire ,,,,,
836,17972,3031,8942,,Y,,Siberut National Park,Indonesia,,,,,
836,901235,1251,317139,,Y,,Leuser National Park,Indonesia,,,,,
836,2304,354013,352256,,Y,,Zahamena Protected Area,Madagascar,,,,,
836,478406,70,,,Y,,Parque Nacional do Itatiaia,Brazil,,,,,
836,167,30599,,,Y,,Tortuguero National Park,Costa Rica,,,,,
836,312358,107237,,,Y,,Punta Gorda Nature Reserve,Nicaragua,,,,,
836,1696,209778,,,Y,,Kavkazsky Biosphere Nature Reserve,Russia,,,,,
836,62368,300364,,,Y,,"Baviaanskloof Mega-reserve (expanded from 213,937 to 237,764 hectares)",South Africa,,,,,
836,98183,303894,,,Y,,Madidi National Park ,Bolivia,,,,,
836,30,303897,,,Y,,Isiboro Secure National Park ,Bolivia,,,,,
836,1252,317208,,,Y,,Bukit Barisan Selatan National Park,Indonesia,,,,,
836,352254,900667,,,Y,,Sahamalaza as part of the ANGAP Protected Area network,Madagascar,,,,,
836,115179,555542744,,,Y,,Maquenque National Wildlife Reserve,Costa Rica,,,,,
836,164,555543713,,,Y,,Corcovado National Park,Costa Rica,,,,,
836,35,,,,Y,,Manuripi-Heath National Park ,Bolivia,,,,,
836,163,,,,Y,,Chirripo National Park,Costa Rica,,,,,
836,240,,,,Y,,Baru Volcano National Park,Panama,,,,,
836,257,,,,Y,,Manu National Park ,Peru,,,,,
836,722,,,,Y,,Marahoue National Park,Côte d’Ivoire ,,,,,
836,724,,,,Y,,Mont Peko National Park,Côte d’Ivoire ,,,,,
836,1631,,,,Y,,Khosrov Strict Nature Reserve,Armenia,,,,,
836,1974,,,,Y,,Parque Nacional da Bocaina,Brazil,,,,,
836,1984,,,,Y,,Zakatala Strict Nature Reserve,Azerbaijan,,,,,
836,2037,,,,Y,,Pilon Lajas Biosphere Reserve ,Bolivia,,,,,
836,3370,,,,Y,,Tambopata-Candamo National Reserve ,Peru,,,,,
836,7409,,,,Y,,"Sapo National Park (expanded from 107,300 to 180,000 hectares)",Liberia ,,,,,
836,9176,,,,Y,,Nimba Nature Reserve declared out of the former Nimba East National Forest,Liberia ,,,,,
836,10741,,,,Y,,Tiwai Island Wildlife Sanctuary ,Sierra Leone ,,,,,
836,10903,,,,Y,,La Amistad International Park,Costa Rica,,,,,
836,15957,,,,Y,,Parque Estadual do Ibitipoca,Brazil,,,,,
836,17185,,,,Y,,Palo Seco Forest Reserve,Panama,,,,,
836,18733,,,,Y,,APA Serra da Mantiqueira,Brazil,,,,,
836,18744,,,,Y,,Reserva Biológica de Tingua,Brazil,,,,,
836,19988,,,,Y,,Golondrinas Protective Forest ,Ecuador,,,,,
836,19988,,,,Y,,Tsitsikamma National Park,South Africa,,,,,
836,20037,,,,Y,,Carrasco National Park ,Bolivia,,,,,
836,20679,,,,Y,,Shikahogh Strict Nature Reserve,Armenia,,,,,
836,30628,,,,Y,,Indio Maiz Biological Reserve,Nicaragua,,,,,
836,61075,,,,Y,,Cerro Silva Nature Reserve,Nicaragua,,,,,
836,71294,,,,Y,,Peñablanca Protected Landscape and Seascape ,Philippines,,,,,
836,71294,,,,Y,,"Peñablanca Protected Landscape and Seascape (expanded from 4,136 hectares to 118,108 hectares)",Philippines,,,,,
836,98182,,,,Y,,Cotapata National Park ,Bolivia,,,,,
836,102254,,,,Y,,San San Pond/Sak Wetland,Panama,,,,,
836,102367,,,,Y,,Piedras Blancas National Park,Costa Rica,,,,,
836,107152,,,,Y,,Todos Santos de Cuchumatanes,Guatemala,,,,,
836,107289,,,,Y,,Damani Wetland,Panama,,,,,
836,107289,,,,Y,,Damani Wetlands,Panama,,,,,
836,115179,,,,Y,,Maquenque National Park ,Costa Rica,,,,,
836,124434,,,,Y,,Bukit Tigapuluh National Park,Indonesia,,,,,
836,127825,,,,Y,,Bahuaja Sonene National Park ,Peru,,,,,
836,129915,,,,Y,,Mache Chindul Ecological Reserve ,Ecuador,,,,,
836,168214,,,,Y,,Rebio União,Brazil,,,,,
836,303316,,,,Y,,Alto-Purus Reserved Zone ,Peru,,,,,
836,303317,,,,Y,,Amarakaeri Reserved Zone ,Peru,,,,,
836,303893,,,,Y,,Apolobamba Natural Area ,Bolivia,,,,,
836,306474,,,,Y,,Balinsasayao-Twin Lakes Natural Park,Philippines,,,,,
836,306531,,,,Y,,Mati Philippine Eagle Sanctuary,Philippines,,,,,
836,313470,,,,Y,,Hyrcan National Park,Azerbaijan,,,,,
836,317296,,,,Y,,Northern Sierra Madre National Park,Philippines,,,,,
836,342509,,,,Y,,Absheron National Park,Azerbaijan,,,,,
836,351829,,,,Y,,Canavieiras Extractive Reserve,Brazil,,,,,
836,351897,,,,Y,,APA Estadual Fernão Dias,Brazil,,,,,
836,352051,,,,Y,,Parque Estadual Serra do Papagaio,Brazil,,,,,
836,352062,,,,Y,,Parque Estadual da Serra do Mar,Brazil,,,,,
836,352124,,,,Y,,Parque Estadual Três Picos,Brazil,,,,,
836,352242,,,,Y,,Anjozorobe,Madagascar,,,,,
836,352248,,,,Y,,Mahavavy-Kinkony Wetlands Complex,Madagascar,,,,,
836,352249,,,,Y,,Makira Forest,Madagascar,,,,,
836,352251,,,,Y,,Menabe Central Forest ,Madagascar,,,,,
836,352256,,,,Y,,Ankenihey-Zahamena Corridor ,Madagascar,,,,,
836,555547545,,,,Y,,Cape winelands set aside for conservation,South Africa,,,,,
836,,,,,N,,Apurimac Reserved Zone ,Peru,,,,,
836,,,,,N,,Atlantic Caribbean Indigenous Reserve,Costa Rica,,,,,
836,,,,,N,,Awá People’s Indigenous Territory ,Colombia,,,,,
836,,,,,N,,Baviaans Conservancy,South Africa,,,,,
836,,,,,N,,Blaauwberg Conservation Area,South Africa,,,,,
836,,,,,N,,Dairana Multiple Use Forest Station,Madagascar,,,,,
836,,,,,N,,Die Oog,South Africa,,,,,
836,,,,,N,,Loky-Manambato Forest Station,Madagascar,,,,,
836,,,,,N,,Mt. Hamiguitan Protected Area,Philippines,,,,,
836,,,,,N,,Mt. Hilong-hilong Range Protected Landscape,Philippines,,,,,
836,,,,,N,,Naso Indigenous Territory,Panama,,,,,
836,,,,,N,,Ngobe-Bugle Indigenous Territory,Panama,,,,,
836,,,,,N,,Northern Negros Natural Park,Philippines,,,,,
836,,,,,N,,Quirino Protected Landscape,Philippines,,,,,
836,,,,,N,,Quirino Protected Landscape ,Philippines,,,,,
836,,,,,N,,St. Francis Conservancy ,South Africa,,,,,
836,,,,,N,,Tokai Forest (expanded from 1 to 3.5 hectares),South Africa,,,,,
838,478001,17721,,,Y,,"Tengiz-Korgalzhyn Lake System Ramsar Site, Wetland of International Importance",Kazakhstan,Central,Y,Tengiz‐Korgalzhyn Lake System,,
838,1672,,,,Y,,Markakol nature reserve,Kazakhstan,East,N,,,
838,17721,,,,Y,,Korgalzhyn Nature Reserve,Kazakhstan,North,N,,,
838,478022,,,,Y,,Ural River Delta & adjacent Caspian Sea coast,Kazakhstan,West,N,,,
838,478024,,,,Y,,Koibagar‐Tyuntyugur Lake System,Kazakhstan,North,N,,,
838,478025,,,,Y,,Kulykol‐Taldykol Lake System,Kazakhstan,North,N,,,
838,478036,,,,Y,,Naurzum nature reserves,Kazakhstan,North,N,,,
838,478036,,,,Y,,Naurzum Lake System,Kazakhstan,North,N,,,
838,478037,,,,Y,,Zharsor‐Urkash Lake System,Kazakhstan,North,N,,,
838,555542700,,,,Y,,Alakol‐Sassykol Lakes System,Kazakhstan,East,N,,,
838,,,,,N,http://www.kazakhstan.travel/en/attractions/local/26,Katon‐Karagay national park,Kazakhstan,,N,,,
839,167051,,,,Y,, Los Tuxtlas Biosphere,Mexico,,,,,
844,,,,,N,http://www.redturs.org/nuevaen/articulo.php?ar_codigo=198&ca_codigo=27&ca_padre=,Mapu-Lahual Parks,Chile,,N,,,
844,,,,,N,http://en.wikipedia.org/wiki/Oncol_Park,Oncol Park,Chile,,N,,,
844,,,,,N,http://www.huilohuilo.com/en/reserva-biologica/about-huilo-huilo,Huilo-Huilo Ecological Reserve,Chile,,N,,,
845,30000,555542727,,,Y,,Sembilang National Park,Indonesia,East,Y,Sembilang National Park,,
845,1254,,,,Y,,Berbak National Park,Indonesia,East,N,,,"Breaks down how much money was invested into 'Park Management"" but doesn’t not how much is invested in each PA ($203933 thousand collectively)"
846,,,,,N,,Albarradas systems,Ecuador,,N,,,
855,,,,,N,http://uztour.biz/en/guide/nurata/nurata.htm,Nuratau-Kyzylkum Biosphere Reserve,Uzbekistan,,N,,,
863,61956,902744,,,Y,,Sarstoon Temash NP,Belize,,Y,,,
864,315951,95751,,,Y,,Wuliangshan Reserve (Lingbaoshan National Forest Park) ,China,,,,,
864,316364,,,,Y,,Qinshan Watershed ,China,,,,,
865,17129,17177,313260,2073,Y,,Touran,Iran,,Y,,,
865,703,20347,,,Y,,Kavir,Iran,,Y,,,
865,313230,,,,Y,,Dare Anjir,Iran,,N,,,
865,313240,,,,Y,,Naybandan,Iran,,N,,,
865,313317,,,,Y,,Kuh-e-Birk Protected Area,Iran,,N,(Kuh-e) Bafgh,,
876,4489,,,,Y,,Bontioli,Burkina Faso,,N,,,
876,28547,,,,Y,,Koulbi Forest Reserves,Burkina Faso,,N,,,
876,313428,,,,Y,,Nabéré,Burkina Faso,,N,,,
877,901251,103171,,,Y,,Banco Chinchoro,Mexico,,,,,
877,903011,107740,,,Y,,La Sepultura,Mexico,,,,,
877,18071,903006,,,Y,,Cuatrociénegas Flora and Fauna Protection Area,Mexico,,,,,
877,222,,,,Y,,Lagunas de Zempoala National Park,,,,,,
877,20064,,,,Y,,La Encrucijada ,Mexico,,,,,
877,101409,,,,Y,,Alto Golfo y Delta del Rio Colorado ,Mexico,,,,,
877,108111,,,,Y,,"Zempoala - La Bufa ""Otomi-Mexica"" Not Reported",,,,,,
877,166970,,,,Y,,Tehuacán- Cuicatlán,Mexico,,,,,
877,306790,,,,Y,,El Pinacate y Gran Desierto del Altar,Mexico,,,,,
877,306818,,,,Y,,Mapimí,Mexico,,,,,
877,901252,,,,Y,,Sierra La Laguna,Mexico,,,,,
877,902304,,,,Y,,"Reserva de la Biosfera Banco Chinchorro Ramsar Site, Wetland of International Importance",,,,,,
877,903017,,,,Y,,El Ocote,Mexico,,,,,
877,555547539,,,,Y,,Sierra de Álamos-Rio Cuchujaqui,Mexico,,,,,
877,,,,,N,,Corredor Chichinautzin -Zempoala,Mexico,,,,,
878,26087,27598,9011,,Y,,Minneriya National Park,Sri Lanka,,,,,
878,1363,899,11142,,Y,,Yala National Park ,Sri Lanka,,,,,
878,11582,902524,68201,,Y,,Bundala ,Sri Lanka,,,,,
878,901,,,,Y,,Uda-walawa,Sri Lanka,,,,,
878,1364,,,,Y,,Wasgam-uwa,Sri Lanka,,,,,
878,1365,,,,Y,,Ritigala ,Sri Lanka,,,,,
878,2469,,,,Y,,Peak Wilderness Sanctuary,Sri Lanka,,,,,
878,3281,,,,Y,,Horton Plains National Park,Sri Lanka,,,,,
878,,,,,N,,Kaudulla,Sri Lanka,,,,,
905,17761,922,,,Y,,The southern slopes of Mt Kilimanjaro,Tanzania,,Y,,,
905,1441,,,,Y,,Along a Ugandan transect from western Kabale Forest through Lake Mburo National Park,Uganda,,N,,,
905,7633,,,,Y,,"Loitokitok, north of Mt Kilimanjaro",Kenya,,N,,,
905,902985,,,,Y,,Sango Bay on the shores of Lake Victoria,Uganda,,N,,,
905,,,,,N,,"Embu and Mbeere districts, south-east of Mt Kenya",Kenya,,N,,,
906,805,303694,,,Y,,Royal Chitwan National Park,Nepal,Central,N,,,It is unclear how much money was investing in to the PA as opposed to the buffer area
907,26606,26605,,,Y,,Makalu Barun National Park,Nepal,,Y,,,
925,141,35218,555555803,,Y,,Purace,Colombia,,,,,
925,136,,,,Y,,Nevado del Huila,Colombia,,,,,
925,139,,,,Y,,Las Hermosas,Colombia,,,,,
925,153,,,,Y,,Cueva de los Guacharos,Colombia,,,,,
925,555511940,,,,Y,,Doña Juana complex,Colombia,,,,,
925,555511941,,,,Y,,Serranía de los Churumbelos,Colombia,,,,,
925,,,,,N,,the Serranía de Minas,Colombia,,,,,
932,10715,,,,Y,,Kronotsky Reserve,Russia,,N,,,
932,203437,,,,Y,,Bystrinsky Park,Russia,,N,,,
932,,,,,N,http://wikitravel.org/en/Nalychevo_Nature_Park,Nalychevo Park,Russia,,N,,,
939,12467,95706,,,Y,,Fanjingshan ,China,,,,,
939,95843,220258,,,Y,,Baishuijiang,China,,,,,
939,95550,,,,Y,,Houhe,China,,,,,
939,95575,,,,Y,,Hupingshan,China,,,,,
939,95579,,,,Y,,Badagongshan,China,,,,,
939,95684,,,,Y,,Jianfengling,China,,,,,
939,95691,,,,Y,,Xiaozhaizigou,China,,,,,
939,95693,,,,Y,,Tanjiahe,China,,,,,
939,220259,,,,Y,,Nujiang,China,,,,,
939,315614,,,,Y,,Xuebaoding,China,,,,,
939,315640,,,,Y,,Baiyang,China,,,,,
939,315719,,,,Y,,Piankou,China,,,,,
939,,,,,N,,Bamaxueshan,China,,,,,
942,1332,36534,,,Y,,the Yankari National Park,Nigeria,,,,Yankari National Park $0.263,
942,36419,903109,,,Y,,Mala-Dumba Lake and Forest Reserve (all in Bauchi state),Nigeria,,,,Mala-Dumba Lake and Forest Reserve (all in Bauchi state) $0.247 ,
942,819,,,,Y,,Kainji National Park,Nigeria,,,,Kainji National Park $0.53 ,
942,7860,,,,Y,,Lame Burra Game Reserve,Nigeria,,,, Lame Burra Game Reserve $0.22,
945,29807,,,,Y,,Machallila,Ecuador,,,,,
945,,,,,N,,Cotacachi-Cayapas,Ecuador,,,,,
957,303317,,,,Y,,Amarakaeri Communal Reserve ,Peru,,,,,
957,303317,,,,Y,,Amarakaeri Communal Reserve ,Peru,,,,,
969,1085,27116,4091,,Y,,Kafue National Park,Zambia,Central,N,,,
969,2347,20399,,,Y,,Mosi-o-Tunya National Park,Zambia,South,Y,Mosi-o-Tunya National Park,,
972,101181,109095,,,Y,,Rugezi Marsh Other Area,Rwanda,North,Y,Rugezi Complex,,
972,862,,,,Y,,Akagera Complex,Rwanda,East,N,,,
972,,,,,N,,Rweru-Mugasera Complex,Rwanda,,N,,,
972,,,,,N,http://itouchmap.com/?c=rw&UF=-2181283&UN=-3016536&DG=STM,Kamiranzovu,Rwanda,,N,,,
984,93579,,,,Y,,Lake Hovsgol National Park ,Mongolia,,,,,
1020,35039,,,,Y,,Matavén Forest,Colombia,,N,,,
1026,183497,11778,184060,,Y,,Codrii Reserve,Turkey,,Y,,,
1026,555549444,555547529,,,Y,,Camili Biosphere Reserve,Turkey,,Y,,,
1026,17643,,,,Y,,Yenice Forests,Turkey,,N,,,
1027,166906,,,,Y,,Shatsk NNP,Ukraine,,N,,,
1027,,,,,N,http://www.encyclopediaofukraine.com/display.asp?linkpath=pages\K\A\KanivStateNatureReserve.htm,Kaniv Nature Reserve,Ukraine,,N,,,
1027,,,,,N,,Pripyat-Stokhid NNP,Ukraine,,N,,,
1027,,,,,N,,Pripyat-Stokhid RLP,Ukraine,,N,,,
1030,10378,,,,Y,,Kon Ka Kinh National Park,Vietnam,North,N,,,
1030,,,,,N,,Kon Ka Kinh-Kon Chu Rang Landscape,Vietnam,,N,,,
1030,,,,,N,http://www.activetravelvietnam.com/nationalparks/central_highlands/Kon_Cha_Rang_Nature_Reserve.html,Kon Chu Rang Nature Reserve,Vietnam,,N,,,
1031,10111,,,,Y,,Con Dao National Park,Vietnam,South,N,,,
1034,,,,,N,,Macin mountains national park (there are maps on page 3 and 4),,,N,,,
1036,1767,,,,Y,,Badai Tugai strict reserve,Karakalpakstan,,N,,,
1036,,,,,N,This is to vauge,Karakalpakstan protected areas system,Uzbekistan,,,,,New
1036,,,,,N,,Lower Amudarya Biosphere Reserve (BR),Uzbekistan,,,,,New
1042,,,,,N,http://www.crossbillguides.com/easternrhodopes,Eastern Rhodope Nature Parks,Bulgaria,,N,,,
1042,,,,,N,http://www.rewildingeurope.com/project/western-rhodopes-wilderness-conservation/,Western Rhodope Nature Parks,Bulgaria,,N,,,
1043,61943,,,,Y,,Kulen Promtep Wildlife Sanctuary,Cambodia,North,N,,,
1043,313443,,,,Y,,Preah Vihear Protected Forest,Cambodia,North,N,,,
1045,145808,555543180,,,Y,,North Vidzeme Biosphere Reserve,Latvia,,Y,,,
1055,62326,,,,Y,,Blinkwater Conservancy,South Africa,East,N,,,
1055,126707,,,,Y,,Napier Conservancy,South Africa,,N,,,
1055,301881,,,,Y,,Agulhas National Park,South Africa,South,N,,,
1055,,,,,N,,Akkedisberg Conservancy,South Africa,,N,,,
1055,,,,,N,,De Diepegat Conservancy,South Africa,,N,,,
1055,,,,,N,,Kleinriviersberg Conservancy,South Africa,,N,,,
1055,,,,,N,http://www.nuwejaars.com/,Nuwejaars SMA,South Africa,,N,,,
1055,,,,,N,,Overberg Test Range,South Africa,,N,,,
1055,,,,,N,,Solitaire Conservancy,South Africa,,N,,,
1055,,,,,N,http://www.capenature.co.za/reserves/walker-bay-nature-reserve/,Walker Bay Fynbos Conservancy,South Africa,,N,,,
1056,300543,116251,,,Y,,Hluleka,South Africa,,,,,New
1056,1985,116261,,,Y,,Silaka,South Africa,,,,,New
1056,9081,300546,,,Y,,Dwesa/Cwebe,South Africa,,,,,New
1056,,,,,N,,Mkhambati,South Africa,,,,,New
1061,,,,,N,http://www.lonelyplanet.com/peru/rio-madre-de-dios/hotels/inkaterra-reserva-amazonica,Inka Terra Ecological Reserve,Peru,,N,,,
1067,31330,,,,Y,,Bao Bolong Wetland Reserve,Gambia,,N,,,
1067,903024,,,,Y,,Tanbi Wetland Complex,Gambia,,N,,,
1067,,,,,N,http://thegambiawildlife.com/protected-areas/bolong-fenyo-community-wildlife-reserve/index.html,the Bolong Fenyo Community Wildlife Reserve,Gambia,,N,,,
1068,10713,1711,201429,,Y,,Astrakhanskiy Zapovednik,Russia,,N,,0.54,
1068,201427,,,,Y,,Ilmenno-Bugrovoy  Reserve,Russia,,N,,0.0525,( same as Astrakhansky Zapovednik according to theGEF)
1068,555547592,,,,Y,,Natural Park Volga-Akhtuba Floodplain,Russia,,N,,0.345,
1068,,,,,N,http://www.kalmykia.eu/,Nature Park of the Republic of Kalmykia,Russia,,N,,0.036,
1080,11661,,,,Y,,Kune Vain protected marshland,Albania,,,,,
1086,313445,313445,,,Y,,Cardamom Mountain Wildlife Sanctuaries,Cambodia,,N,I think these two are the same PA,,
1092,10903,900908,,,Y,,Talamanca,Costa Rica,,Y,,,
1092,,,,,N,"There are a few PA's with the word 'Maya' in central america, im not sure how Itza translates",Maya Itzá,,,N,,,
1092,,,,,N,"There are a few PA's with the word 'Maya' in central america, im not sure how Altiplano  translates",Altiplano Maya,,,N,,,
1092,,,,,N,"There are a few PA's with the word 'Maya' in central america, im not sure how Belice translates",Maya Belice,,,N,,,
1092,,,,,N,,Pacífico Seco,,,N,,,
1092,,,,,N,,Atlántico Húmedo,,,N,,,
1092,,,,,N,,RAAN,,,N,,,
1092,,,,,N,,RAAS,,,N,,,
1092,,,,,N,,Sur,,,N,,,
1092,,,,,N,,Bocas del Toro,,,N,,,
1092,,,,,N,,Darien Kuna,,,N,,,
1092,,,,,N,,Bio-Itza Reserve,,,N,,,
1095,643,,,,Y,,Odzala -Kokoua National Park,Congo,,,,,New
1095,17758,,,,Y,,Dja Faunal Reserve ,Cameroon,,,,,New
1095,30674,,,,Y,,Nki National Park ,Cameroon,,,,,New
1095,30675,,,,Y,,Boumba-Bek ,Cameroon,,,,,New
1095,72324,,,,Y,,Minkebe,Gabon,,,,,New
1095,300342,,,,Y,,Lossi Gorilla Sanctuary,Congo,,,,,New
1095,303873,,,,Y,,Ivindo,Gabon,,,,,New
1095,308636,,,,Y,,Mengamé Gorilla Sanctuary,Cameroon,,,,,New
1097,478353,67859,95513,,Y,,Poyanghulijiyuchanluanchang Nature Reserve,China,,N,Poyang Lake,,
1097,478036,1670,,,Y,,Naurzum Zapovednik,Kazakhstan,,N,,,
1097,95451,67857,,,Y,,Xianghai,China,,N,,,
1097,315626,67858,,,Y,,Zhalong National Nature Reserves,China,,Y,,,
1097,17162,555542696,,,Y,,"Bujagh National Park Ramsar Site, Wetland of International Importance",Iran,,N,Bujagh / Sefid Rud Delta,,
1097,68431,,,,Y,,Kunovat River Basin Wetlands,Russia,,N,,,
1097,95450,,,,Y,,Momoge,China,,N,,,
1097,146613,,,,Y,,Kytalyk Resource Reserve,Russia,,N,,,
1097,168197,,,,Y,,Nanjishan,China,,,,,
1097,208757,,,,Y,,Synsko-Voykarsky Natural Park,Kazakhstan,,,,,
1097,313233,,,,Y,,Fereydoon Kenar,Iran,,,,,
1097,478037,,,,Y,,"Zharsor -Urkash Lakes, Kazakhstan",Kazakhstan,,N,,,
1097,902321,,,,Y,,Fereydoon Kenar,Iran,,N,,,
1097,902321,,,,Y,,Ezbaran,Iran,,N,,Had the same WDPA page,
1097,902321,,,,Y,,Sorkhe Rud Damgahs,Iran,,N,,,
1097,903137,,,,Y,,Saryarka Steppe,Kazakhstan,,,,,
1097,,,,,Y,,Keerqin,,,N,,,
1098,555512476,555512292,,,Y,,Lower Nakdong River Basin,Republic of Korea,,,,,
1098,,,,,N,,Lower Han-Imjin Basin,Republic of Korea,,,,,
1098,,,,,N,,Lower Geum River Basin ,Republic of Korea,,,,,
1099,220104,,,,Y,,Dhigalihaa,Maldives,,,,,New
1099,555547589,,,,Y,,Baa Atoll,Maldives,,,,,New
1099,,,,,N,,Angafaru,Maldives,,,,,New
1099,,,,,N,,Goidhoo Koaru,Maldives,,,,,New
1099,,,,,N,,Nibiligaa,Maldives,,,,,New
1099,,,,,N,,Hanifaru,Maldives,,,,,New
1099,,,,,N,,Mendhoo,Maldives,,,,,New
1099,,,,,N,,Maahuruvalhi   ,Maldives,,,,,New
1099,,,,,N,,Bathala,Maldives,,,,,New
1099,,,,,N,,Cobin,Maldives,,,,,
1099,,,,,N,,Mathifaruhuraa ,Maldives,,,,,New
1100,93566,145578,900880,,Y,,Uvs Nuur ,Mongolia,,,,,
1100,166790,,,,Y,,Khoridol Sardag Mountain,Mongolia,,,,,
1100,902266,,,,Y,,Achit Nuur,Mongolia,,,,,
1100,,,,,N,,Tsagaan  Shuvuut Mountain ,Mongolia,,,,,
1100,,,,,N,,"Chikhertei, Gants mod, and Sagsai Rivers",Mongolia,,,,,
1100,,,,,N,,Jar-Khyaruun,Mongolia,,,,,
1100,,,,,N,,Tengis Shishgit ,Mongolia,,,,,
1100,,,,,N,,Monkhkhairkhan Mountain,Mongolia,,,,,
1100,,,,,N,,Maynagan Ugalzat National Park,Mongolia,,,,,
1101,12215,145549,98158,,Y,,Los Manglares de Tumbes National Sanctuary,Peru,,Y,,,
1101,258,10747,,,Y,,Huascaran National Park,Peru,,Y,,,
1101,258,10747,,,Y,,Huascardn National Park,Peru,,Y,,,
1101,2175,,,,Y,,Salinas Aguada Blanca National Reserve,Peru,,N,,,
1101,3370,,,,Y,,Tambopata National Reserve,Peru,,N,,,
1101,127825,,,,Y,,Bahuaja Sonene National Park,Peru,,N,,,
1101,,,,,Y,,Northwest Biosphere Reserve,Peru,,N,,,
1104,863,5190,,,Y,,Volcanoes National Parks,Rwanda,,N,,,
1104,9148,,,,Y,,Nyungwe National Park,Rwanda,,N,,,
1107,1308,313264,303303,303304,Y,,Bardia National Park ,Nepal,,,,,
1107,1309,,,,Y,,Suklaphanta Wildlife Reserve,Nepal,,,,,
1124,313125,,,,Y,,Monte Gordo Natural Park,Cape Verde,North,N,,,
1124,313160,,,,Y,,Serra da Malagueta Natural Park,Cape Verde,Central,N,,,
1125,642,,,,Y,,Manda National Parks ,Chad,,,,,
1126,95476,,,,Y,,Xingkaihu,China,,,,,New
1126,95968,,,,Y,,Qixinghe,China,,,,,New
1126,315728,,,,Y,,Sanjiang,China,,,,,New
1126,315905,,,,Y,,Anbanghe,China,,,,,New
1126,316224,,,,Y,,Zhenbaodao,China,,,,,New
1126,316661,,,,Y,,Naolihe,China,,,,,New
1126,,,,,N,,Dajiahe,China,,,,,New
1128,316655,95655,,,Y,,Sanya,China,North,N,,,
1128,168197,96144,,,Y,,Nanjo Islands (Nanji Islands),China,East,N,,,
1128,95615,900682,,,Y,,Shankou hongshulin Nature Reserve,China,South,Y,Shankou,,
1128,478322,,,,Y,,Dongshan Nature Reserve,China,,N,Dongshan-Nan'ao,,
1133,2171,15606,,,Y,,Velebit Mountain UNESCO-MAB Biosphere Reserve,Croatia,,N,Northern Velebit Nature Park,$2.00,
1133,1058,,,,Y,,Paklenica Nature Park,Croatia,,N,,$1.42,
1133,2016,,,,Y,,Plitvice Lakes National Park,Croatia,East,N,,$0.88,
1133,2518,,,,Y,,Risnjak National Park,Croatia,Central,N,,$1.20,
1133,5606,,,,Y,,Velebit Nature Park,Croatia,West,N,,$2.10,
1139,2574,3027,29067,,Y,,Mount Nimba Strict Nature Reserve World Heritage Site,Guinea,South,Y,Nimba Mountains World Heritage Site/Déré Forest,,
1139,,,,,N,http://pages.ucsd.edu/~jjmoore/apesites/Bossou/Bossou.html,Bossou Hills,Guinea,,N,,,
1144,1968,555512162,67725,2102,Y,,Komodo National Park,Indonesia,,Y,,GEF 5  ALL 16.9,All money is invested in actities related to the development and management of the park (GEF 5  ALL 16.9)
1145,2079,708,68012,,Y,,Arjan National Parks,Iran,,,,,
1145,2075,17154,313261,,Y,,Lake Uromiyeh,Iran,,Y,,,
1145,17157,,,,Y,,the Shadegan Wetland,Iran,,N,,,
1145,68012,,,,Y,,Lake Parishan,Iran,,N,,,
1148,62611,,,,Y,,Lepsinskiy,Kazakhstan,,,,,New
1148,62644,,,,Y,,Dzhungarskiy State Nature Reserve,Kazakhstan,,N,Dzhungar National Park,,
1148,100018,,,,Y,,Ele Alatau National Nature Park,Kazakhstan,,N,Ile Alatau National Park,,
1148,,,,,N,http://www.kazakhstan.travel/en/attractions/attraction/536,Almaty State Natural Reserve,Kazakhstan,,N,,,
1148,,,,,N,,Sarkandskiy,Kazakhstan,,,,,New
1161,,,,,N,http://en.wikipedia.org/wiki/Kamchatka_Peninsula,Kamchatka Peninsula,Russia,,N,,,
1163,200018,200010,,,Y,,Kolyma ,Russia,,,,,
1163,204273,,,,Y,,Beringovsky ,Russia,,,,,
1163,,,,,N,,Beringia,Russia,,,,,
1163,,,,,N,,Kolguev,Russia,,,,,
1167,875,,,,Y,,Addo Elephant National Park,South Africa,,,,,
1170,19297,,,,Y,,Udzungwa Mountains National Park,Tanzania,,N,,,
1170,39975,,,,Y,,Lushoto in the West Usambaras,Tanzania,,N,,,
1170,127827,,,,Y,,Amani Nature Reserve in the East Usambaras,Tanzania,,N,,,
1170,,,,,N,,The area above Morogoro in the Uluguru Mountains,Tanzania,,N,,,
1170,,,,,N,http://www.tanzaniaodyssey.com/blog/category/guide-book/south-from-kilimanjaro/south-pare-mountains/,South Pare Mountains,Tanzania,,N,,,
1173,941,4322,17719,,Y,,Ichkeu ,Tunisia,,,,,
1173,4487,13962,,,Y,,Bouhedma,Tunisia,,,,,
1173,,,,,N,,Jbil,Tunisia,,,,,
1174,32564,903071,,,Y,,Bahiret El Bibane,Tunisia ,,,,,New
1174,15196,,,,Y,,Kerkennah Islands,Tunisia ,,,,,New
1174,15199,,,,Y,,Gulf of Bou Ghrara,Tunisia ,,,,,New
1174,365018,,,,Y,,Kneiss Islands,Tunisia ,,,,,New
1174,,,,,N,,Gabès Oasis,Tunisia ,,,,,New
1175,34804,,,,Y,,Budongo Forest Reserve,Uganda,,N,,,
1175,40002,,,,Y,,Kibale National Park,Uganda,,N,,,
1176,,,,,N,,Perak,Malaysia,,,,,
1177,1691,209779,1691,,Y,,Altaisky Zapovednik,Russia,South,Y,Altaisky Nature Reserve,,
1177,209640,209569,10718,,Y,,Shushensky Bor (pine stand),Russia,,,,,New
1177,200356,200324,200323,,Y,,Tigireksky Nature Reserve (project),Russia,South,Y,Tigireksky Nature Reserve,,New
1177,68519,68519,,,Y,,Katunsky Biosphere Zapovednik (Republic of Altai),Russia,,,,,
1177,68519,198345,,,Y,,State Biosphere Reserve Katunsky ,Russia,,,,,New
1177,67722,199820,,,Y,,State Biosphere Nature Reserve Ubsunurskaya Kotlovina ,Russia,,,,,New
1177,67722,199820,,,Y,,Ubsunurskaya Kotlovina Biosphere Zapovednik (Republic of Tuva),Russia,,,,,New
1177,200323,200324,,,Y,,State Nature Reserve Tigireksky,Russia,,,,,New
1177,1691,209779,,,Y,,State Biosphere Nature Reserve Altaiskiy,Russia,,,,,New
1177,,900880,,,Y,,State Biosphere Reserve Uvs,Russia,,,,,New
1177,1694,,,,Y,,Sayano-Shushensky State Biosphere Reserve,Russia,,,,,New
1177,11830,,,,Y,,State nature reserve of Azas,Russia,,,,,New
1177,199793,,,,Y,,Regional Nature Park Taiga,Russia,,N,,,New
1177,199795,,,,Y,,Ush-Beldirsky sanctuary,Russia,,,,,New
1177,200331,,,,Y,,Charyshsky sanctuary,Russia,,,,,
1177,200332,,,,Y,,Chinetinsky,Russia,,,,,
1177,200335,,,,Y,,Gilevsky,Russia,,,,,
1177,200378,,,,Y,,Regional Nature Park “Belukha” ,Russia,,,,,New
1177,200403,,,,Y,,Kosh-Agachsky sanctuary,Russia,,,,,
1177,200404,,,,Y,,Regional Nature Park Quiet Zone Ukok (Altai Republic),Russia,,N,,,New
1177,200511,,,,Y,,Lake of Ulukh-Kol,Russia,,,,,
1177,201742,,,,Y,,State Nature Reserve Khakassky,Russia,,,,,New
1177,202826,,,,Y,,Regional Nature Park Shuiskiy,Russia,,,,,New
1177,206583,,,,Y,,Regional Zakaznik (Sanctuary) Krasnoyarskiy,Russia,,N,,,New
1177,209576,,,,Y,,Regional Nature Park Ergaki,Russia,,,,,New
1177,900882,,,,Y,,Basin of Lake Uvs Nuur,Russia,,,,,
1177,,,,,,,biosphere polygons Kara-Khol’,Russia,,,,,
1177,,,,,,,Bol’shaya (large) Pashkina sanctuary;,Russia,,,,,
1177,,,,,,,cluster Khol- Bogaz,Russia,,,,,
1177,,,,,,,Eerbeksky Sanctuary;,Russia,,,,,
1177,,,,,N,,Federal Zakaznik,Russia,,N,,,
1177,,,,,,,Kamyziakskaya steppe;,Russia,,,,,
1177,,,,,,,Kebezhsky sanctuary (IUCN IV);,Russia,,,,,
1177,,,,,,,Lipovyj Ostrov (Lime tree island) sanctuary,Russia,,,,,
1177,,,,,,,"Maly Abakan,",Russia,,,,,
1177,,,,,,,National Nature Park Shorsky;,Russia,,,,,
1177,,,,,,,Nuur Depression,Russia,,,,,
1177,,,,,,,Oglakhty,Russia,,,,,
1177,,,,,,,Regional Nature park “Argut”,Russia,,,,,
1177,,,,,N,,Regional Nature Park Ak‐Cholushpa,Russia,,N,,,New
1177,,,,,N,,Regional Nature Park Argut,Russia,,,,,New
1177,,,,,N,,Regional Nature Park Chui‐Ozy,Russia,,,,,New
1177,,,,,N,,Regional Nature Park Uch‐Enmek,Russia,,,,,New
1177,,,,,N,,Regional Nature Park Ush‐Beldyrn,Russia,,N,,,New
1177,,,,,N,,Regional Nature-Economy park “Chuy-Oozy”,Russia,,,,,New
1177,,,,,N,,Regional Nature-park “Uch- Enmeg” ,Russia,,,,,New
1177,,,,,N,,Regional Zakaznik (Sanctuary) Gagul Kotlovina,Russia,,N,,,New
1177,,,,,N,,Regional Zakaznik (Sanctuary) Kiskachinskiy,Russia,,N,,,New
1177,,,,,N,,Regional Zakaznik (Sanctuary) Tokhtai,Russia,,N,,,New
1177,,,,,N,,Sailyugemsky Zapovednik ,Russia,,,,,New
1177,,,,,N,,State Biosphere Nature Reserve Katunskiy,Russia,,,,,New
1177,,,,,N,,State National Park Sailugem,Russia,,N,,,New
1177,,,,,N,,State National Park Shorskiy,Russia,,,,,New
1177,,,,,N,https://hague6185.wordpress.com/tag/lake-teletskoye/,Teletskoye Lake Area,Russia,,N,,,New
1177,,,,,N,,Zaimka Lykovykh (Lykovs’ Place),Russia,,,,,New
1183,145807,10118,,,Y,,Tonle Sap UNESCO-MAB Biosphere Reserve,Cambodia,Central,Y,Tonle Sap Lake,,
1183,313448,,,,Y,,Boeung Tonle Chhmar,Cambodia,,,,,
1183,313449,,,,Y,,Stung Sen,Cambodia,,,,,
1183,313450,,,,Y,,Prek Toal,Cambodia,,,,,
1184,17232,555547587,,,Y,,Mujib Nature Reserve,Jordan,East,Y,Mujib Reserve,,
1189,902502,3044,,,Y,,Delta du Fleuve Sénégal (Senegal) UNESCO-MAB Biosphere Reserve,Senegal,North-west,Y,The Senegal River Delta Biosphere Reserve,,
1189,,,,,N,http://en.wikipedia.org/wiki/Cap-Vert,Cap-Vert Peninsula reserve,Senegal,,N,,,
1197,145510,818,124385,17727,Y,,The W-Niger W,Niger,,N,the entire WAP complex,,
1197,1048,900732,67824,,Y,,the W Burkina Faso,Burkina Faso,,Y,,,
1197,1048,900732,67824,,Y,,The W National Park,Burkina Faso,,N,the entire WAP complex,,
1197,903038,12201,900731,,Y,,W National Park,Benin,,N,the entire WAP complex,,
1197,4488,9264,555542687,,N,http://en.wikipedia.org/wiki/Arli_National_Park,Arly subsystem,Burkina Faso,,N,the entire WAP complex,,
1197,4488,9264,555542687,,Y,,the Arly sub- complex,Burkina Faso,,Y,,,
1197,2253,597,,,Y,,Pendjari Hunting Zone,Benin,,N,the entire WAP complex,,
1197,12201,900731,,,Y,,the W-Benin,Benin,,Y,,,
1197,11585,,,,Y,,The Pendjari reserve,Benin,,N,,,
1197,,,,,N,,The RBT/W,,,N,,,
1200,62282,555547398,,,Y,,Girutiskis SNR/Labanoras Regional Park,Lithuania,,Y,,,
1200,94072,,,,Y,,Cepkeliai SNR,Lithuania,,N,,,
1200,94073,,,,Y,,Kamanos SNR,Lithuania,,N,,,
1200,95344,,,,Y,,Viesvile SNR,Lithuania,,N,,,
1200,555547588,,,,Y,,Zuvintas Biosphere Reserve,Lithuania,,N,,,
1201,3150,18307,,,Y,,Pulau Tioman,Malaysia,,,,,
1201,9642,,,,Y,,Pulau Sibu Marine Park,Malaysia,,,,,
1201,9786,,,,Y,,Pulau Redang Marine Park,Malaysia,,,,,
1204,31535,31536,31534,,Y,,North Sound Islands National Park,Antigua/Barbuda,,,,,New
1204,31478,,,,Y,,Tobago Cays Marine Park,St. Vincent & the Grenadines,,,,,New
1204,97463,,,,Y,,Pointe Sable National Park,St. Lucia,,,,,New
1206,1630,,,,Y,,Dilijan Nature Reserve,Armenia,,,,,
1206,67760,,,,Y,,Lake Sevan National Park ,Armenia,,,,,
1207,7909,,,,Y,,Andean Alerce National Park (Alerce Andino National Park (AANP) ),Chile,,N,,,
1207,9439,,,,Y,,Llanquihue Forest Reserve,Chile,,N,,,
1207,20051,,,,Y,,Alerce Costero Natural Monument,Chile,,N,Coastal Alerce National Park,,
1207,,,,,N,http://en.wikipedia.org/wiki/Valdivian_Coastal_Reserve,Valdivian Coastal Reserve,Chile,,N,,,
1214,313091,478385,,,Y,,Yarmouk ecological,Jordan,,Y,,,
1214,313089,478387,,,Y,,Qatar ecological,Jordan,,Y,,,
1214,17237,,,,N,,Jabal Maasuda,Jordan,,N,,,
1214,30694,,,,Y,,Fifa ecological,Jordan,,N,,,
1214,478388,,,,Y,,Ibn Hammad,Jordan,,N,,,
1214,,,,,N,,Humret Ma'in,Jordan,,N,,,
1221,351088,33049,,,Y,,Cantanhez,Guinea-Bissau,,Y,,,
1221,33046,,,,Y,,Cacheu,Guinea-Bissau,,N,,,
1221,33047,,,,Y,,Orango,Guinea-Bissau,,N,,,
1221,317052,,,,Y,,João Vieira & Poilão,Guinea-Bissau,,N,,,
1221,342673,,,,Y,,Cufada National Park,Guinea-Bissau,,N,,,
1236,555543711,317329,,,Y,,Francisco Coloane Marine Park,Chile,,,,,
1236,317329,,,,Y,,the Francisco Colane's MUMPAS,Chile,,,,,
1236,555543807,,,,Y,,Lafken Mapu Lahual Coastal Marine Protected Area,Chile,,N,Mapu Lahual Indigenous Park ; Lafken Mapu Lahual,,
1236,555543807,,,,Y,,MUMPA LML (Lafken Mapu Lahual),Chile,,,,,
1236,555543809,,,,Y,,Isla Grande Atacama Coastal Marine Protected Area,Chile,,,,,
1236,555543809,,,,Y,,MUMPA IGA (Isla Grande de Atacama).,Chile,,,,,
1239,2006,653,,,Y,,Simien National Park World Heritage Site,Ethiopia,North,Y,Simien,,
1239,2280,13756,,,Y,,Omo National Park,Ethiopia,South-west,Y,Omo,,
1239,7961,13759,,,Y,,Bale Wildlife Reserve,Ethiopia,Central,Y,Bale,,
1239,652,,,,Y,,Awash,Ethiopia,Central,N,,,
1239,652,,,,Y,,Awash National Park,Ethiopia,Central,N,Fantale Mountain in Awash National Park,,
1239,2276,,,,Y,,Yangudi Rassa National Park,Ethiopia,North,N,Yangudi-Rasa (Alledeghi),,
1239,2277,,,,Y,,Mago National Park,Ethiopia,South-west,N,Mago,,
1239,2278,,,,Y,,Nechisar National Park,Ethiopia,Central,N,NechSar,,
1239,2279,,,,Y,,Abjiata Shalla,Ethiopia,Central,N,,,
1239,2281,,,,Y,,Bale Mountains National Park,Ethiopia,Central,N,,,
1239,10739,,,,Y,,Senkele,Ethiopia,Central,N,,,
1239,13704,,,,Y,,Gambella,Ethiopia,West,N,,,
1239,18439,,,,Y,,Babile,Ethiopia,East,N,,,
1239,342654,,,,Y,,Alatish National Park,Ethiopia,North,N,,,
1239,365024,,,,Y,,Kafta-Sherao National Park,Ethiopia,North,N,Kafta Shiraro,,
1239,,,,,N,http://www.ewca.gov.et/en/node/199,Geralle,Ethiopia,,N,,,
1239,,,,,N,http://www.lonelyplanet.com/ethiopia/menz-guassa-community-conservation-area,Guassa Community Conservation Area,Guinea,,N,,,
1242,32834,,,,Y,,Molopo,South Africa,,N,,,
1246,28487,478002,,,Y,,Blue Bay Marine Reserve,Mauritius,South-east,N,,,
1246,,,,,N,http://en.wikipedia.org/wiki/Rodrigues,Rodrigues Island,Mauritius,,N,,,
1246,,,,,N,,Balaclava Marine Reserve,Mauritius,,N,,,
1246,,,,,N,http://www.dlist-asclme.org/partners/south-east-marine-protected-area-sempa-rodrigues-island,South East Marine Protected Area,Mauritius,,N,,,
1253,,,,,N,,Sahelian priority area,Mali,,,,,
1261,,,,,N,,There is a map on page 7 TE showing the 3 protect area zones that were worked in.,,,N,,,
1268,27010,903030,1088,1086,Y,,Luangwa,Zambia,,Y,,,
1268,20399,2347,,,Y,,Mosi-oa-tunya,Zambia,,Y,,,
1268,4091,68322,,,Y,,Kafue-Kafue Flats,Zambia,,Y,,,
1268,4106,68323,,,Y,,Bangweulu,Zambia,,Y,,,
1268,1090,903031,,,Y,,Mweru-wa-Ntipa,Costa Rica,,Y,,,
1268,1089,,,,Y,,Liuwa Plain National Park,Zambia,,N,Liuwa-West Zambezi,,
1268,1089,,,,Y,,Liuwa Plains,Zambia,,N,,,
1268,1093,,,,Y,,West Lunga,Zambia,,N,,,
1268,1094,,,,Y,,Lavushi Manda,Zambia,,N,,,
1268,1099,,,,Y,,Kasanka,Zambia,,N,,,
1268,4081,,,,Y,,West Zambezi,Zambia,,N,,,
1268,4105,,,,Y,,Kafinda,Zambia,,N,,,
1268,7962,,,,Y,,Lower Zambezi,Zambia,,N,,,
1268,62095,,,,Y,,Chiawa,Zambia,,N,,,
1287,351942,,,,Y,,Caiuá Ilha Grande Corrido,Brazil,,,,,
1287,,,,,N,,Araucária Corridor,Brazil,,,,,
1287,,,,,N,,Iguaçu-Paraná Corridor,Brazil,,,,,
1296,902673,10188,,,Y,,Ba Be ,Vietnam,,,,,
1296,10380,,,,Y,,Chu Yang Sin,Vietnam,,,,,
1296,18033,,,,Y,,Yok Don National Parks,Vietnam,,,,,
1296,,,,,N,,Nahang Nature Reserve ,Vietnam,,,,,
1301,,,,,N,,"Broken down into communities.. Quichua communities of Yana Yacu, Nina Amarun and Lorocachi, as the River Yana Yacu, Sindi Yacu, Aymu Yacu and Arabela Yacu",Ecuador,,,,,
1303,167119,,,,Y,,Khoso nature parks ,Russia,,,,,
1303,,,,,N,Place in russia not a PA,Vyazemsky,Russia,,,,,
1303,,,,,N,Place in russia not a PA,Khutu ,Russia,,,,,
1303,,,,,N,Place in russia not a PA,Nelma,Russia,,,,,
1303,,,,,N,,Strelnikov,Russia,,,,,
1343,64,,,,Y,,Serra da Capivara/ Serra das Confusões Corridor,Brazil,,,,,
1343,351928,,,,Y,,Peruaçu Jaiba Corridor,Brazil,,,,,
1343,900552,,,,Y,,Caatinga Tropical Dry Forest,Brazil,,,,,
1343,,,,,N,,Xingo Corridor,Brazil,,,,,
1377,,,,,N,,Santiago Foothills Park,Chile,,N,,,
1397,12431,220034,20062,902281,Y,,Sian Ka’an Biosphere,Mexico,,Y,,,
1397,101431,903014,,,Y,,"Maderas del Carmen, Coahuila.",Mexico,,Y,,,
1397,107863,,,,Y,,Reserva Ecologica El Eden Certified,Chile,,N,"El Edén, Quintana Roo.",,
1397,,,,,N,http://www.planeta.com/ecotravel/mexico/oaxaca/yavesia.html,"Yavesia, Oaxaca",Chile,,N,,,
1397,,,,,N,,"Pez Maya, Quintana Roo",Chile,,N,,,
1397,,,,,N,,"La Preciosita, Puebla.",Chile,,N,,,
1408,168276,,,,Y,,Allpahuayo Mishana National Reserve,Peru,,N,,,
1424,8656,,,,Y,,Kalimantan,Indonesia,,N,,,
1424,902335,,,,Y,,Sumatra,Indonesia,,N,,,
1438,30697,,,,Y,,Dibeen Nature Reserve,Jordan,North,N,,,
1446,303318,,,,Y,,Ashaninka Communal Reservations (ACR) ,Peru,,,,,
1446,303323,,,,Y,,Otishi National Park (ONP),Peru,,,,,
1475,7409,,,,Y,,Sapo National Park,Liberia,,N,,GEF 0.975   ALL 2.44,"Only One PA, Costs Broken down well (all activities PA related GEF 0.975   ALL 2.44)"
1476,,,,,N,,San Lorenzo Protected Area,Panama,,,,,
1477,7878,,,,Y,,Cuc Phuong National Park,Viet Nam,,N,,,
1477,303045,,,,Y,,Van Long Nature Reserve,Viet Nam,,N,,,
1477,303059,,,,Y,,Pu Luong Nature Reserve,Viet Nam,,N,,,
1477,303128,,,,Y,,Ngoc Son Nature Reserve,Viet Nam,,N,,,
1489,220266,20991,37115,,Y,,Bosque Mbaracayú UNESCO-MAB Biosphere Reserve,Paraguay,,N,Mbaracayú Reserve,"Total $3.05, GEF $0.918",
1505,883,,,,Y,,Namib-Naukluft National Park (NNNP),Namibia,,,,,New
1505,885,,,,Y,,Skeleton Coast National Park,Namibia,,,,,New
1505,1361,,,,Y,,Cape Cross Seal Reserve ,Namibia,,,,,New
1505,8786,,,,Y,,National West Coast Tourist Recreation Area ,Namibia,,,,,New
1505,30047,,,,Y,,Diamond Coast Tourist Recreation Area,Namibia,,,,,New
1505,95353,,,,Y,,Walvis Bay Wetland,Namibia,,,,,New
1505,95354,,,,Y,,Sandwich Harbour,Namibia,,,,,New
1505,303691,,,,Y,,Sperrgebiet National Park ,Namibia,,,,,New
1505,555512146,,,,Y,,Namibian Island’s MPA,Namibia,,,,,New
1505,,,,,N,,Central Coastal Areas Park ,Namibia,,,,,New
1505,,,,,N,,Lüderitz Bay,Namibia,,,,,New
1515,41002,,,,Y,,Sandy Bay – West End,Honduras,,N,,,
1515,41003,,,,Y,,Utila,Honduras,,,,,
1515,41005,,,,Y,,Barbareta,Honduras,,N,,,
1515,41007,,,,Y,http://www.tourvista.com/1469,Guanaja Marine Reserve,Honduras,,N,Michael Rock,,
1515,41008,,,,Y,,Raggedy Cay - South West Cay,Honduras,,N,,,
1515,41027,,,,Y,,Port Royal National Park,Honduras,,N,,,
1515,41028,,,,Y,,Santa Elena,Honduras,,N,,,
1515,62052,,,,Y,,Turtle Harbour (Rock Harbour) National Park,Honduras,,N,,,
1515,,,,,N,http://www.satelliteviews.net/cgi-bin/w.cgi?c=ho&UF=-1126293&UN=-1657710&DG=ISL… I think it may be under this in PP http://www.protectedplanet.net/sites/Halfmoon_Caye_Natural_Monument,Half Moon Key,Honduras,,N,,,
1516,902347,,,,Y,,Cape Floral Region Protected Areas World Heritage Site,South Africa,,N,Cape Floristic Region,,
1516,902347,,,,Y,,Cape Floral Region Protected Areas World Heritage Site,South Africa,,,,,
1590,555542917,555542949,555542916,,Y,,Doro Nawas,Namibia,,,,,
1590,555542986,555542930,,,Y,,Uukolonkadhi/Ruacana,Namibia,,,,,
1590,17999,,,,Y,,Khaudum National Park,Namibia,,,,,
1590,30051,,,,Y,,The Mudumu North Complex,Namibia,,,,,
1590,555542922,,,,Y,,Khoadi Hoas,Namibia,,,,,
1590,555542924,,,,Y,,Huab,Namibia,,,,,
1590,555542925,,,,Y,,Omatendeka,Namibia,,,,,
1590,555542928,,,,Y,,Ehirovipuka,Namibia,,,,,
1590,555542941,,,,Y,,Anabeb,Namibia,,,,,
1590,555542957,,,,Y,,Sorri Sorris ,Namibia,,,,,
1600,,,,,N,,“Nistrul de Jos” National Park,Moldova,,N,,,
1604,145515,24,,,Y,,"Inagua National Park Ramsar Site, Wetland of International Importance",Jamaica,North-west,Y,Inagua National Park,,
1604,6673,,,,Y,,Jaragua National Park (Oviedo Lagoon),Dominican Republic,South,N,,,
1604,28941,,,,Y,,Cockpit Country Forest Reserve,Jamaica,North-west,N,,,
1611,27159,798,,,Y,,Great Gobi as an International Biosphere Reserve,Mongolia,,Y,,,
1620,6939,,,,Y,,Cousine,Seychelles,,,,,New
1620,6939,,,,Y,,Cousin,Seychelles,,,,,New
1620,6941,,,,Y,,Aride,Seychelles,,,,,New
1620,32724,,,,Y,,Fregate,Seychelles,,,,,New
1620,62230,,,,Y,,Silhouette National Park,Seychelles,,,,,New
1620,,,,,N,,D'Arros,Seychelles,,,,,New
1620,,,,,N,,Denis Island,Seychelles,,,,,New
1620,,,,,N,,North Desroches ,Seychelles,,,,,New
1620,,,,,N,,Alphonse Group,Seychelles,,,,,New
1620,,,,,N,,Moyenne Island ,Seychelles,,,,,New
1642,478594,33972,555542554,,Y,,Formoso Watershed,Brazil,,,,,
1679,,,,,N,http://en.wikipedia.org/wiki/Maramure%C8%99_Mountains_Natural_Park,Maramures Mountains Natural Park,,,N,,,
1681,147839,555535343,,,Y,,Abrod National Nature Reserve; fifth level of protection,Slovak Republic,,,Abrod,,
1681,147906,,,,Y,,Klastorske luky National Nature Reserve; fifth level of protection,Slovak Republic,,,Klastorske luky,,
1681,148034,,,,Y,,Belianske luky Nature Reserve,Slovak Republic,,,Belianske,,
1682,,,,,N,,Tanna,Vanuatu,,,,,
1682,,,,,N,,Santo,Vanuatu,,,,,
1682,,,,,N,,Gaua,Vanuatu,,,,,
1705,4267,,,,Y,,Beskydy PLA,Czech Republic,,N,,,
1705,134938,,,,Y,,Bílé Karpaty PLA,Czech Republic,,N,,,
1707,15060,,,,Y,,Tannourine Reserve,Lebanon,North,N,,,
1713,145582,,,,Y,,Cocos Island National Park,Costa Rica,South-west,N,,,
1721,6683,,,,Y,,Hazarganji National Park.,Pakistan,,N,,,
1721,6736,,,,Y,,Ziarat,Pakistan,,N,,,
1727,1689,134941,,,Y,,Taimyrsky Zapovednik,Russia,,Y,Taimyr Peninsula,,
1727,61771,,,,Y,,The Great Arctic reserve,Russia,,N,,,
1727,62445,,,,Y,,Putoransky reserve,Russia,,N,,,
1727,134941,,,,Y,,Taimyr Reserve,Russia,,N,,,
1727,200524,,,,Y,,Purinsky zakaznik,Russia,,N,,,
1727,555512003,,,,Y,,Putorana Plateau zapovednik,Russia,,N,,,
1734,1399,5005,,,Y,,Selous Game Reserve,Tanzania,East,Y,Selous Game Reserve,,
1734,917,,,,Y,,Ruaha National Park,Tanzania,Central,N,,,
1734,4651,,,,Y,,Niassa Reserve,Tanzania,South,N,,,
1734,39934,,,,Y,,Iringa region,Tanzania,Central,N,,,
1734,301717,,,,Y,,Sasawara Forest Reserve,Tanzania,South,N,,,
1735,12658,,,,Y,,Río Escalante Chacocente Wildlife Refuge,Nicaragua,,N,Chacocente Río Esca- lante Wildlife Refuge,,
1749,555537056,,,,Y,,Pomorie Lake Protected Site,Bulgaria,,N,,,
1776,1730,,,,Y,,Volzhsko-Kamsky Zapovedniki,Russia,West,N,,,
1776,11579,,,,Y,,Samarskay Luka National Park,Russia,West,N,,,
1776,68361,,,,Y,,Plescheevo Ozero National Park,Russia,West,N,,,
1776,203386,,,,Y,,Ugra National Park,Russia,West,N,,,
1776,,,,,N,,Bitsy Nature Park,,,N,,,
1776,,,,,N,http://www.nationalparks-worldwide.info/russia.htm,Meschora National Park,Russia,,N,,,
1782,,,,,N,I think many PA's make up this Biome,Succulent Karoo biome,South Africa,,N,,,
1794,342499,,,,Y,,El Corbalán,Bolivia,,,,,
1794,,,,,N,,El Charal,Bolivia,,,,,
1794,,,,,N,,Itika Guasu y,Bolivia,,,,,
1794,,,,,N,,La Capilla,Bolivia,,,,,
1794,,,,,N,,Alarachi,Bolivia,,,,,
1794,,,,,N,,Los Laguitos y ,Bolivia,,,,,
1794,,,,,N,,Laguna Verde,Bolivia,,,,,
1830,957,3051,,,Y,,Queen Elizabeth National Park,Uganda,,,,,
1830,28175,902529,,,Y,,Mt. Elgon National Park,Uganda,,,,,
1830,956,902983,,,Y,,Murchison Falls National Park,Uganda,,,,,
1830,1435,,,,Y,,Pian Upe Wildlife Reserve,Uganda,,,,,
1830,1444,,,,Y,,Katonga Wildlife Reserve,Uganda,,,,,
1836,18896,,,,Y,,Nam Kading National Protected Area,Laos,South,N,,,
1852,20445,,,,Y,,Thrumshingla National Park,Bhutan,,N,,,
1854,1736,,,,N,http://www.asraresokhan.com/romit_valley.html,Romit Zapovednik,Tajikistan,,N,,,
1854,167121,,,,Y,,Shirkent National Park,Tajikistan,,N,Shirkent Natural Historical Park,,
1854,,,,,N,,Almosi Zakaznik,Tajikistan,,N,,,
1855,5168,902838,,,Y,,Binder-Léré Wildlife Reserve and Lake Léré,Chad,,,,,
1855,5166,,,,Y,,Mandelia Fauna Reserve.,Chad,,,,,
1855,,,,,N,,Lac Weye and the Moundou charcoal supply basin,Chad,,,,,
1855,,,,,N,,the Ouaddai-Biltine watershed system,Chad,,,,,
1855,,,,,N,,Bahr el Gazal,Chad,,,,,
1876,,,,,N,La Gallera is a place- they havent actually given us a name on a PA to work with,Nature Reserve Network in La Gallera,Columbia,,N,,,
1876,,,,,N,Pico de Aguila is park of Los Farallones De Cali Natural National Park,Pico de Aguila,Columbia,,N,,,
1876,,,,,N,,Santa Clara ñ Naranjal,Columbia,,N,,,
1876,,,,,N,,Tambito,Columbia,,N,,,
1884,900667,352254,,,Y,,Sahamalaza/Radama Islands in the north,Madagascar,,Y,,,
1884,555549155,555549460,,,Y,,Ranobe,Madagascar,,Y,,,
1884,2311,,,,Y,,Lokobe/Nosy Tanikely,Madagascar,,N,,,
1884,5028,,,,Y,,Manombo,Madagascar,,N,,,
1884,354012,,,,Y,,Mikea,Madagascar,,N,,,
1884,,,,,N,These are places not PA's http://www.lonelyplanet.com/madagascar/southern-madagascar/ifaty,Ifaty/Mangily,Madagascar,,N,,,
1884,,,,,N,These are places not PA's  http://www.madacamp.com/Anakao,Anakao,Madagascar,,N,,,
1884,,,,,N,,Amboboaka,Madagascar,,N,,,
1884,,,,,N,,Sept Lacs,Madagascar,,N,,,
1884,,,,,N,These are places not PA's  http://en.wikipedia.org/wiki/Maromandia,Maromandia,Madagascar,,N,,,
1884,,,,,N,Town,Antsahampano,Madagascar,,N,,,
1884,,,,,N,http://mapcarta.com/14479738,"Nosy Berafia, Antsatrana",Madagascar,,N,,,
1884,,,,,N,,Nosy Sakatia,Madagascar,,N,,,
1884,,,,,N,http://www.maplandia.com/madagascar/antsiranana/antsiranana-urban/antanamitarana-atsimo/,Antanamitarana,Madagascar,,N,,,
1884,,,,,N,,Ambatozavavy,Madagascar,,N,,,
1884,,,,,N,,Nosy- Ve/Androka in the south: these PA's containes smaller PA's,Madagascar,,N,,,
1918,555555697,555555824,555555788,,Y,,Rabanal,Columbia,,,,,New
1918,20178,,,,Y,,Santuario Nacional Tabaconas Namballe,Peru,,,,,
1918,,,,,N,,Páramo Biosphere Reserve,Central America,,N,,,
1918,,,,,N,,Cotacachi-Cayapas reserve,Ecuador,,,,,New
1918,,,,,N,,Yacuri National Park ,Ecuador,,,,,New
1918,,,,,N,,El Duende,Mexico,,,,,New
1918,,,,,N,,Belmira,Colombiua,,,,,New
1918,,,,,N,,Zuleta ,Ecuador,,,,,New
1918,,,,,N,,Mojanda ,Ecuador,,,,,New
1918,,,,,N,,Sexemayo,Ecuador,,,,,New
1929,352242,,,,Y,,Anjozorobe Not Reported,Madagascar,,N,Anjozorobe–Angavo Forest Corridor,,
1929,555549450,,,,Y,,Angavo Proposed Protected Area,Madagascar,,N,Anjozorobe–Angavo Forest Corridor,,
1943,10380,,,,Y,,Chu Yang Sin National Park,Vietnam,Central,N,,,
1994,26059,555516943,344527,344549,Y,,Šumava Biosphere Reserve,Czech Republic,,N,,,
1994,106887,2095,,,Y,,Babia Góra Biosphere Reserve,Poland,,Y,,,
1994,13652,,,,Y,,Aggtelek Biosphere Reserve,Hungary,,N,,,
1999,761,,,,Y,,Nairobi National Park,Kenya,Central,N,,,
2003,2532,,,,Y,,Chimanimani TFCA,Zimbabwe,,,,,New
2003,4651,,,,Y,,Niassa,Mozambique,,,,,New
2003,351406,,,,Y,,Limpopo (formerly Gaza) TFCA,South Africa,,,,,New
2003,,,,,Y,,Lubombo TFCA,Swaziland,,,,,New
2003,,,,,N,,ZIMOZA,"Zimbabwe, Mozambique and Zambia ",,,,,New
2037,167080,,,,Y,,Dashtidzhum National Park,Tajikistan,,,,,
2068,3314,,,,Y,,Colombia River Forest Reserve,Belize,,,,,New
2068,116297,,,,Y,,Vaca Forest Reserve ,Belize,,,,,New
2068,220100,,,,Y,,Port Honduras Marine Reserve,Belize,,,,,New
2068,301909,,,,Y,,Corozal Bay Wildlife Sanctuary,Belize,,,,,New
2068,301941,,,,Y,,Golden Stream Corridor Preserve,Belize,,,,,New
2077,8883,,,,Y,,Lambu Sango NR Game Reserve,Indonesia,,N,Lambusango Forests,,
2078,901251,103171,,,Y,,Banco Chinchorro UNESCO-MAB Biosphere Reserve,Mexico,East,Y,Banco Chinchoro,,"Report does break down the costs toward each objective, but does not show hoe much money is invested in each PA"
2078,903011,107740,,,Y,,La Sepultura UNESCO-MAB Biosphere Reserve,Mexico,Central,Y,La Sepultura,,"Report does break down the costs toward each objective, but does not show hoe much money is invested in each PA"
2078,18071,903006,,,Y,,Cuatrociénegas Flora and Fauna Protection Area,Mexico,North,Y,Cuatro Ciénegas,,
2078,222,,,,Y,,Lagunas de Zempoala National Park,Mexico,Central,Y,Corredor Chichinautzin -Zempoala,,
2078,20064,,,,Y,,La Encrucijada Biosphere Reserve,Mexico,,N,La Encrucijada,,"Report does break down the costs toward each objective, but does not show hoe much money is invested in each PA"
2078,101409,,,,Y,,Alto Golfo y Delta del Rio Colorado,Mexico,North,N,,,"Report does break down the costs toward each objective, but does not show hoe much money is invested in each PA"
2078,108111,,,,Y,,"Zempoala - La Bufa ""Otomi-Mexica"" Not Reported",Mexico,Central,Y,Corredor Chichinautzin -Zempoala,,"Report does break down the costs toward each objective, but does not show hoe much money is invested in each PA"
2078,166970,,,,Y,,Tehuacán- Cuicatlán  Biosphere Reserve,Mexico,,N,Tehuacán- Cuicatlán,,"Report does break down the costs toward each objective, but does not show hoe much money is invested in each PA"
2078,306790,,,,Y,,El Pinacate y Gran Desierto del Altar,Mexico,,N,,,"Report does break down the costs toward each objective, but does not show hoe much money is invested in each PA"
2078,306818,,,,Y,,Mapimi Biosphere Reserve,Mexico,,N,Mapimi,,"Report does break down the costs toward each objective, but does not show hoe much money is invested in each PA"
2078,901252,,,,Y,,Sierra La Laguna,Mexico,West,N,,,"Report does break down the costs toward each objective, but does not show hoe much money is invested in each PA"
2078,902304,,,,Y,,"Reserva de la Biosfera Banco Chinchorro Ramsar Site, Wetland of International Importance",Mexico,East,Y,Banco Chinchoro,,
2078,555547539,,,,Y,,Sierra de Álamos-Rio Cuchujaqui,Mexico,,N,,,"Report does break down the costs toward each objective, but does not show hoe much money is invested in each PA"
2078,,,,,N,,Corredor Chichinautzin -Zempoala,,,,,,
2099,201,5002,,,Y,,Río Plátano Biosphere Reserve,Honduras,,Y,,,
2099,12650,145584,,,Y,,The BOSAWAS Biosphere Reserve,Nicaragua,,Y,,,
2099,41013,,,,Y,,Patuca National Park,Honduras,,N,,,
2099,,,,,N,http://www.rainforest-alliance.org/adopt/projects/honduras,Tawahka Asagni Indigenous Reserve,Honduras,,N,,,
2100,4327,1083,,,Y,,Garamba National Park World Heritage Site,Congo DR,North-east,Y,Parc National de la Garamba,,
2100,166889,2017,,,Y,,Virunga National Park,Congo DR,East,Y,Parc National de Virunga,Virunga NP is also listed as a PA in this project?,
2100,478292,10906,,,Y,,Salonga Integrale Nature Reserve,Congo DR,Central,Y,Salonga,,
2100,1078,,,,Y,,Parc National de la Salonga Collaborative Fishery Management Area,Congo DR,Central,Y,Salonga,,
2100,1080,,,,Y,,Maiko National Park,Congo DR,Central,N,Parc National de la Maiko,,
2100,478291,,,,Y,,"Parc national des Virunga Ramsar Site, Wetland of International Importance",Congo DR,East,Y,Parc National de Virunga,,
2100,555555523,,,,Y,,Kokolopori Bonobo Reserve Nature Reserve,Congo DR,,N,Lopori,,
2100,,,,,N,http://itouchmap.com/?c=cg&UF=-2062294&UN=-2859942&DG=PPL,Yalumba,Congo DR,,N,,,
2100,,,,,N,,Wamba,Congo DR,,N,,,
2100,,,,,N,http://www.wcs.org/saving-wild-places/africa/ituri-forest-congo-drc.aspx,Ituri,Congo DR,,N,,,
2100,,,,,N,Goma is a village,Goma,Congo DR,,N,,,
2100,,,,,N,http://itouchmap.com/?c=cg&UF=-2039971&UN=-2832539&DG=STM,Bitshombo,Congo DR,,N,,,
2100,,,,,N,http://en.wikipedia.org/wiki/Maringa-Lopori-Wamba_Landscape,Maringa,Congo DR,,N,,,
2100,,,,,N,Kinshasa is a village,Kinshasa,Congo DR,,N,,,
2102,240,,,,Y,,"Volcán Barú, Bugaba/Chiriquí",Panama,,,,,New
2102,10914,,,,Y,,"Isla Cañas, Los Santos",Panama,,,,,New
2102,12685,,,,Y,,"Cerro Hoya, Veraguas-Los Santos",Panama,,,,,New
2102,12688,,,,Y,,"Isla Iguana, Los Santos",Panama,,,,,New
2102,12695,,,,Y,,"El Montuoso, Herrera",Panama,,,,,New
2102,16787,,,,Y,,"Isla Bastimento, Bocas del Toro",Panama,,,,,New
2102,17185,,,,Y,,"Palo Seco (BPSP), Bocas del Toro",Panama,,,,,New
2102,68135,,,,Y,,"San San Pond Sak, Bocas del Toro",Panama,,,,,New
2102,99631,,,,Y,,"Omar Torrijos,  La Pintada/Coclé",Panama,,,,,New
2102,107289,,,,Y,,"Damani-Guaribiara, ",Panama,,,,,New
2102,107292,,,,Y,,"Donoso, Colón ",Panama,,,,,New
2102,107315,,,,Y,,"Parque Internacional La Amistad (PILA), Bocas del Toro-Chiriquí",Panama,,,,,New
2102,107334,,,,Y,,"Corregimiento No.1 Narganá, Kuna Yala",Panama,,,,,New
2102,115110,,,,Y,,"Santa Fe, Veraguas",Panama,,,,,New
2104,93900,198311,,,Y,,Sporovsky reserves,Belarus,,Y,,,
2104,900563,900660,,,Y,,"Mid-Pripyat State Landscape Zakaznik Ramsar Site, Wetland of International Importance",Belarus,,N,,Mid-Pripyat reserves,
2104,145850,900762,,,Y,,Zvanets reserve,Belarus,,N,,,
2104,101859,,,,Y,,Prostyr-Pripyat-Stokhid transboundary protected area,Belarus,,,,,
2104,900660,,,,Y,,West Polesie Transboundary Biosphere Reserve,"Belarus, Poland, Ukraine",,,,,New
2104,,,,,N,,Tsna river,Belarus,,N,,,
2105,349962,81158,3373,,Y,,Krka ,Croatia,,,,,
2105,,,,,N,,Lastovo Islands,Croatia,,,,,
2235,1690,10715,,,Y,,Kronotsky State Nature Reserve,Russia,East,N,,,
2235,124387,,,,Y,,Volcanoes of Kamchatka World Heritage Site,Russia,,N,South Kamchatka Sanctuary,,
2235,203437,,,,Y,,Bystrinsky Nature Park,Russia,East,N,,,
2235,203438,,,,Y,,Nalychevskiy Nature Park,Russia,,N,Nalychevo Nature Park,,
2237,7422,29801,2599,,Y,,Arabuko-Sokoke,Kenya,,Y,,,
2237,7420,33450,,,Y,,Kakamega,Kenya,,Y,,,
2237,,,,,N,Town http://en.wikipedia.org/wiki/Mwingi,Mwingi,Kenya,,N,,,
2443,103166,108064,900668,,Y,,Sierra Gorda Nature Reserve,Mexico,,Y,,,
2443,306819,903015,,,Y,,Mariposa Monarca reserves,Mexico,,Y,,,
2443,217,,,,Y,,Cofre de Perote National Park,Mexico,,N,,,
2443,5397,,,,Y,,The Pico de Tancitaro,Mexico,,N,,,
2443,108044,,,,Y,,Sierra de Zapalinamé reserves,Mexico,,N,,,
2443,108044,,,,Y,,Serrania de Zapaliname Area Subject to Ecological Conservation,Mexico,,N,Zapalinamé Nature Reserve,,
2443,166970,,,,Y,,The Tehuacán-Cuicatlán Biosphere Reserve,Mexico,,N,,,
2443,,,,,N,http://www.lonelyplanet.com/mexico/around-monterrey/sights/other/parque-ecologico-chipinque,Chipinque Ecological Park,Mexico,,N,,,
2491,30078,145516,,,Y,,Okavango Delta,Botswana,,,,,New
2492,8785,18002,,,Y,,Hot Springs Gane Park,Namibia,,,,,
2492,883,,,,Y,,Namib Naukluft,Namibia,West,N,,,
2492,884,,,,Y,,Etosha National Park,Namibia,North-west,N,,,
2492,885,,,,Y,,Skeleton Coast,Namibia,North-west,N,,,
2492,887,,,,Y,,Waterberg Plateau Park,Namibia,North,N,,,
2492,887,,,,Y,,Waterberg Plateau Park,Namibia,,,,,
2492,8785,,,,Y,,Ai-Ais Hot Springs National Park,Namibia,,N,/Ai-//Ais Hot Springs Game Park,,
2492,30051,,,,Y,,Mudumu National Park,Namibia,,N,Bwabwata-Mudumu-Mamili Complex,,
2492,30052,,,,Y,,Mamili National Park,Namibia,,N,Bwabwata-Mudumu-Mamili Complex,,
2492,95356,,,,Y,,Etosha National Park-Skeleton Coast,Namibia,,,,,
2492,303691,,,,Y,,Sperrgebeit National Park,Namibia,South,N,,,
2492,303691,,,,Y,,Sperrgebeit National Park,Namibia,,,,,
2492,303692,,,,Y,,Bwabwata National Park,Namibia,North-east,N,Bwabwata-Mudumu-Mamili Complex,,
2492,303692,,,,Y,,Bwabwata-Mudumu-Mamili (BMM) Complex,Namibia,,,,,
2492,555542964,,,,Y,,Kunene River Communal Conservancy,Namibia,,N,Kunene People’s Park,,
2492,555543018,,,,Y,,Dorob National Park,Namibia,West,N,,,
2515,61829,21221,300078,,Y,,San Juan ,Argentina,,,,,
2515,19,,,,Y,,Neuquén ,Argentina,,,,,
2515,,,,,N,,Mendoza ,Argentina,,,,,
2515,,,,,N,,Iruya ,Argentina,,,,,
2515,,,,,N,,Upper Parana Atlantic Forest in the area comprising the Green Corridor in Misiones,Argentina,,,,,
2517,102254,68135,,,Y,,San San Pond Sak Wetlands ,Panama,,,,,New
2517,156,,,,Y,,Hitoy Cerere Biological Reserve,Costa Rica,,,,,New
2517,163,,,,Y,,Chirripó National Park,Costa Rica,,,,,New
2517,10903,,,,Y,,PILA,"Costa Rica, Panama",,,,,New
2517,17185,,,,Y,,Palo Seco Protection Forest ,Panama,,,,,New
2517,19402,,,,Y,,Gandoca/Manzanillo Wildlife Refuge,Costa Rica,,,,,New
2594,313,107015,61612,,Y,,Canaima National Park ,Venezuela,,,,,
2594,30029,61416,,,Y,,Alto Orinoco-Casiquiare Biosphere Reserve,Venezuela,,,,,
2594,4366,,,,Y,,Duida-Marahuaca National Park,Venezuela,,,,,
2635,107382,107383,,,Y,,Bahia de Jiquilisco (Weighted average: Salt Forests),El Salvador,,N,,,
2635,12524,,,,N,,"Guija Complex, National Park of San Diego and San Felipe-Las Barras (Land)",El Salvador,,N,,,
2635,555542808,,,,Y,,Guija Complex (Aquatic),El Salvador,,N,,,
2635,,,,,N,,Bahia de Jiquilisco (Weighted average: Seasonally-saturated Forests),El Salvador,,N,,,
2638,,,,,N,,Khazar Nature Reserve,Turkmenistan,,N,,,
2654,103171,901251,902304,,Y,,Banco Chinchoro,Mexico,,Y,,,
2654,306818,228,,,Y,,Mapimi Biosphere Reserve,Mexico,,Y,Mapimí,,
2654,166969,903011,,,Y,,La Sepultura,Mexico,,Y,,,
2654,306844,903017,,,Y,,Selva Ocote Biosphere Reserve,Mexico,,Y,El Ocote,,
2654,306790,555556046,,,Y,,El Pinacate y Gran Desierto delAltar,Mexico,,Y,El Pinacate y Gran Desierto del Altar,,
2654,20064,,,,Y,,La Encrucijada Biosphere Reserve,Mexico,,N,La Encrucijada,,
2654,101409,,,,Y,,Alto Golfo de California y Delta del Río Colorado Biosphere Reserve,Mexico,,,Alto Golfo y Delta del Rio Colorado,,
2654,166962,,,,Y,,Sierra de Álamos-Río Cuchujaqui,Mexico,,N,,,
2654,166970,,,,Y,,Tehuacán-Cuicatlán Biosphere Reserve,Mexico,,,Tehuacán- Cuicatlán,,
2654,903006,,,,Y,,Cuatrocienagas UNESCO-MAB Biosphere Reserve,Mexico,,,Cuatrociénegas,,
2654,,,,,N,http://en.wikipedia.org/wiki/Sierra_de_la_Laguna,Sierra La Laguna,Mexico,,N,Sierra La Laguna,,
2654,,,,,N,Unclear of the location of this PA,Corredor Chichinautzin-Zempoala,Mexico,,,,,
2686,18804,,,,Y,,Montecristo Trifinio National Park,Honduras,,N,Montecristo National Park,,
2686,107153,,,,Y,,Trifinio Biosphere Reserve,Guatemala,,N,Trifinio Fraternidad Biosphere Reserve,,
2686,,,,,N,http://www.tbpa.net/page.php?ndx=65,Mesoamerican Network,Central America,,N,,,
2686,,,,,N,,La Fraternidad Biosphere Reserve,,,N,,,
2686,,,,,Y,,Salvadorian National Park,El Salvador,,N,,,
2817,16081,,,,Y,,Tabuleiro State Park,Brazil,South,N,,,
2836,17416,62649,,,Y,,Tarbagatayskiy Zakaznik,Kazakhstan,,N,Tarbagatai National Park,,
2836,1672,,,,Y,,Markakol State Reserve,Kazakhstan,East,N,,,
2836,,,,,N,http://www.kazakhstan.travel/en/attractions/local/26,Katon-Karagai National Park,Kazakhstan,,N,,,
2836,,,,,N,,Low Turgusun Zakaznik,Kazakhstan,,N,,,
2836,,,,,N,I think this might be a few PA's,"Ontustyk Altai Zakaznik, (Kabinsky, Bast-Teretki, Kaldjir,Kizil-tas)",Kazakhstan,,N,,,
2836,,,,,N,"There is a Altaisky PA in Russa, couldn’t find one in Kazakstan",West Altai Zapovednik,Kazakhstan,,N,,,
2848,759,7712,68336,,Y,,Shimba Hills National Reserve,Kenya,South-east,N,,,
2848,7423,,,,N,,Kayas of Kwale landscape,Kenya,,N,,,
2848,7543,,,,Y,,Buda Forest Reserve,Kenya,,N,"Buda Forest Station (Buda,Gogoni,Mrima,Dzombo,Marenje,Gonja and mangrove Forests.)",,
2848,7560,,,,,,Gogoni,Kenya,,,,,
2848,7644,,,,,,Marenje,Kenya,,,,,
2848,7664,,,,,,Mrima,Kenya,,,,,
2896,903011,107740,166969,,Y,,La Sepultura Reserves,Mexico,,Y,,,
2896,18062,,,,Y,,El Triunfo Biosphere Reserve,Mexico,,N,,,
2896,,,,,N,http://fairtradeusa.org/producer-profiles/cesmach-campesinos-ecol-gicos-de-la-sierra-madre-chiapas,Sierra Madre de Chiapas as buffer zone,,,N,,,
2969,317277,,,,Y,,Aketejawe-Lolobata National Park,Indonesia,,N,,,
3292,100037,555549230,198330,68917,Y,,Matka Canyon Natural Monument,Macedonia,,Y,,,
3292,176294,,,,Y,,Tikvesh Strict Nature Reserve,Macedonia,,N,,,
3517,928,901243,,,Y,,Tarutao Marine National Park,Thailand,South,Y,Tarutao National Park,,
3517,935,,,,Y,,Doi Inthanon national park,Thailand,North,N,,,
3517,7468,,,,Y,,Klong Lan national park,Thailand,,N,,,
3517,19669,,,,Y,,Maewong national park,Thailand,Central,N,,,
3517,,,,,N,,Eastern Forest Complex,Thailand,,N,,,
3556,,,,,N,,Surkhan zapovednik (good map on page 18),Uzbekistan,,N,,,
3557,555549467,555549413,,,Y,,Machakhela National Park,Georgia,,Y,,,
3557,1660,,,,Y,,Vashlovani NP,Georgia,,N,,,
3557,61588,,,,Y,,Borjomi-Kharagauli National Park,Georgia,,N,,,
3557,313053,,,,Y,,Tusheti PA,Georgia,,N,,,
3557,555549423,,,,Y,,Javakheti NP,Georgia,,N,,,
3620,,,,,N,,Circum-Caspian network,,,N,,,
3620,,,,,N,http://www.britannica.com/EBchecked/topic/325135/Kura-River,Kura River Delta,,,N,,,
3620,,,,,N,,Seals Special Protected Areas,,,N,,,
3687,5040,,,,Y,,Andranomena,Madagascar,West,N,,,
3687,352245,,,,Y,http://www.madamagazine.com/en/protected-area-loky-manambato-daraina/,Daraina Not Reported,Madagascar,,N,Loky Manambato,,
3687,352248,,,,Y,,Mahavavy Kinkony Complex,Madagascar,,N,,,
3687,555549464,,,,Y,,Marojejy Tsaratanana Corridor,Tanzania,,N,,,
3687,,,,,N,,Menabé-Antimena Complex,Madagascar,,N,,,
3729,24,,,,Y,,Inagua National Park,Bahamas,,N,Inagua National Park and Abaco National ParkInagua National Park and Abaco National Park,,
3729,2187,,,,Y,,Conception Island National Park,Bahamas,East,N,,,
3729,2228,,,,Y,,Exuma Cays Land and Sea Park,Bahamas,,N,,,
3729,11841,,,,Y,,Lucayan National Park,Bahamas,,N,,,
3729,11841,,,,Y,,Lucayan National Park,Bahamas,North,N,,,
3729,13939,,,,Y,,Black Sound Cay Reserve,Bahamas,East,N,,,
3729,31341,,,,Y,,Tilloo Cay Reserve,Bahamas,North,N,,,
3729,61793,,,,Y,,Rand Nature Centre,Bahamas,North,N,,,
3729,129917,,,,Y,,Abaco National Park,Bahamas,,N,Inagua National Park and Abaco National Park,,
3729,314998,,,,Y,,Central Andros National Park,Bahamas,Central,N,"** only Andros  PA on PP website with a WDPA ID , this one was not writen in the reoport file",,
3729,315000,,,,Y,,Little Inagua National Park,Bahamas,South,N,,,
3729,315001,,,,Y,,Walker’s Cay National Park,Bahamas,North,N,,,
3729,315002,,,,Y,,Bonefish Pond National Park,Bahamas,North-east,N,,,
3729,315003,,,,Y,,Moriah Harbour Cay National Park,Bahamas,East,N,,,
3729,316891,,,,Y,,Union Creek Managed Reserve,Bahamas,South,N,,,
3729,,,,,N,http://www.biminisharklab.com/about/nbmr,North Bimini Marine Reserve,Bahamas,,N,,,
3729,,,,,N,http://www.bnt.bs/_m1898/Marine-protected-areas/South-Berry-Island,South Berry Islands Marine Reserve,Bahamas,,N,,,
3729,,,,,N,http://www.bnt.bs/_m1898/Marine-protected-areas/Jewfish-cay,Exuma Marine Reserve – Jewfish,Bahamas,,N,,,
3729,,,,,N,"There is a PP page for ""
Central Andros National Park (WDPA ID 314998)"" but Im not surte if any of these PA's come under this.",Andros West side National Park,Bahamas,East,N,,,
3729,,,,,N,"There is a PP page for ""
Central Andros National Park (WDPA ID 314998)"" but Im not surte if any of these PA's come under this.",Andros Reef National Park,Bahamas,,N,,,
3729,,,,,N,"There is a PP page for ""
Central Andros National Park (WDPA ID 314998)"" but Im not surte if any of these PA's come under this.",Andros Crab National Park,Bahamas,,N,,,
3729,,,,,N,"There is a PP page for ""
Central Andros National Park (WDPA ID 314998)"" but Im not surte if any of these PA's come under this.",Andros Blue Holes National Park,Bahamas,,N,,,
3729,,,,,N,http://www.bnt.bs/_m1731/The-National-Parks-of-The-Bahamas/Primeval-Forest-National-Park,Primeval Forest National Park,Bahamas,,N,,,
3748,1368,,,,Y,,Zeraf (Ez Zeraf Game Reserve),Sudan,,N,,,
3748,1371,,,,Y,,Boma National Park,Sudan,,N,Southern Boma,,
3748,2337,,,,Y,,Badinglo National Park,Sudan,,N,Bandingalo,,
3965,917,,,,Y,,Ruaha National Park,Tanzania,,N,,,
3965,7438,,,,Y,,Rungwa Game Reserve,Tanzania,,N,,,
3965,7883,,,,Y,,Kizigo Game Reserve,Tanzania,,N,,,
3965,301662,,,,Y,,Mount Rungwe Nature Reserve (Rungwe Nature Reserve),Tanzania,,N,,,
3965,303338,,,,Y,,Muhesi Game Reserve,Tanzania,,N,,,
3965,350003,,,,Y,,Kitulo NP,Tanzania,,N,,,
3965,352703,,,,Y,,Mpanga-Kipengere Game Reserve,Tanzania,,N,,,
3965,,,,,N,,Numbe valley corridor,Tanzania,,N,,,
3965,,,,,N,,Bujingijila,Tanzania,,N,,,
877 and 2078,903017,,,,Y,,Selva El Ocote UNESCO-MAB Biosphere Reserve,Mexico,,N,El Ocote,,"Report does break down the costs toward each objective, but does not show hoe much money is invested in each PA"
